3,47,488,635,1088,1138,1538,2184,2561,3671,3928,4641,4679,5431,6370,6742,7037,8263,8564,9733,10516,10607,11633,12396,12953,13328,13398,14391,14706,14715,14773,14946,15151,16097,16681,16957,19040,20001,20731,21172,21786,22029,24743,25591,26647,26665,27088,27805,27908,28340,30105,30120,31121,33017,33424,33955,34579,35512,35516,35560,37150,38220,38746,39139,39658,40378,41869,42345,43660,45059,45642,45777,46528,46571,47735,48170,48426,50428,50788,51048,52514,53479,54443,55979,56280,57011,58308,58607,58866,59304,60829,61634,62051,62449,63168,63845,64047,65781,66170,66328,66477,67617,70321,73055,73225,73606,74752,75183,75352,76203,76960,77369,78513,79186,81811,82048,83012,85057,85950,86874,88562,89304,90019,90944,91509,93625,95156,96545
9,78,504,860,1187,1270,1654,2264,2863,3924,4215,4816,5026,5986,6713,7083,8342,8501,9076,9944,10636,11309,11870,12601,13103,13925,14080,14674,15883,15993,16702,17059,17741,18497,18784,19338,20638,22082,22381,23636,24549,25031,25464,26576,26784,27167,28297,29111,29823,30505,30917,31340,32804,33619,33649,34546,35194,36236,36558,36851,37182,38259,38858,39302,40283,41095,42722,42959,44023,45111,45737,46160,47324,47912,48377,48630,49464,50782,51746,52001,52576,53829,54631,56371,56611,57855,58451,59513,59865,60294,60969,61979,62432,63277,63689,64303,65942,66437,67853,68712,69453,70364,70819,73203,73757,74675,75138,76886,76924,77288,78312,79269,80209,80827,82693,83962,84915,85329,85997,87233,88715,89628,90132,91434,91858,94507,95444,96623
11,179,591,864,1230,1330,2000,2669,3170,3974,4403,5067,5316,6287,7053,7348,8418,8784,9114,9952,10661,11455,12579,12761,13516,14184,14298,15581,15934,16321,17055,17402,17757,18813,19207,20436,21934,22324,23072,23809,24588,25167,25580,26683,27091,27235,28623,29453,30201,30935,31778,32284,32824,34151,34308,35377,35952,36554,36868,36885,38112,38413,38863,39701,40334,42522,42924,43152,44198,45149,45778,46366,47751,47969,48984,49228,49986,50915,52165,52417,52798,53863,55039,56439,56991,57875,59172,59627,60161,60315,60982,64194,64318,65431,66431,66494,66663,67538,68530,69839,70766,72152,72291,73585,74552,75341,76687,77011,77797,78514,78918,79483,81233,81345,83737,84957,85515,86197,86559,87471,88724,89636,90492,92192,93041,94786,95569,96936
16,193,608,886,1261,1821,2120,2688,3259,3988,4785,5234,5735,6590,7217,7513,8693,8967,9296,10554,11232,12126,12742,12900,13594,14376,14605,15618,16019,16331,17108,17559,18180,19211,20329,21276,21980,22904,23266,24072,24829,25561,25977,26773,27192,27322,28898,29568,30694,31643,32430,32991,33381,34257,34461,35523,36054,36645,37005,38289,38932,39070,40783,41468,41912,42707,43027,43601,44474,45283,45785,47109,48856,48908,49631,49976,50360,51529,52341,52701,53307,54320,55562,56705,57678,58047,59180,59638,60224,60474,63114,64275,65183,66226,66527,66948,67091,68478,69644,70115,71514,72253,73168,74482,74806,75510,76736,77207,77951,78602,79854,80853,81651,81870,84333,85261,85962,87082,87136,87638,88976,89799,90593,92411,93343,94961,95794,96973
18,196,648,916,1509,1886,2300,2693,3388,4134,4886,5262,5778,6650,7222,7749,8696,9045,9739,10651,11243,12198,12749,13025,13692,14429,15068,15639,16073,16470,17423,17613,18262,19866,20769,21506,21981,23135,23722,24271,24926,25582,26125,26836,27243,28217,29006,29636,31071,31798,32651,33122,33611,34372,34953,35686,36398,37564,38057,38605,39021,40201,41000,41502,42309,42714,43493,43684,44643,45699,46164,47598,49031,49447,49968,50981,51623,52314,52541,53675,53738,54518,56452,57087,57829,58268,60144,61396,62658,62911,64097,64335,65360,66616,66814,67295,68606,68985,70457,70806,72010,72316,73326,74596,74859,75732,76856,77253,78725,79513,79861,81419,81739,82120,84426,85400,86065,87174,87252,88474,89039,90069,90825,92795,94218,94989,95805,97329
33,208,710,1087,1524,1915,2335,3159,3511,4195,4899,5274,5997,6764,7308,8018,8829,9222,9850,10966,11279,12223,12778,13062,13980,14584,15136,15767,16242,16568,17476,17671,18549,19978,20904,21561,22062,23213,23852,24515,25173,25962,26351,27182,27874,28395,29016,29778,31202,32321,32788,33471,33990,34579,35130,36029,36875,37659,38209,38679,39493,40366,41398,41768,42778,43371,43577,44141,44967,45971,46345,48450,49153,49481,50104,51051,52341,52427,52750,53726,54799,55028,56492,57108,57986,59009,60578,61620,62810,63203,64240,64631,66003,66894,67266,67351,68782,69455,70513,70852,72086,72725,73733,74660,75139,76303,76859,77317,78788,80251,80445,81896,82884,83410,84554,85418,86666,87202,87624,88559,89169,90249,92380,92808,94355,95112,95963,97695
39,239,739,1148,1552,1958,2628,3168,3518,4341,5045,5511,6221,6845,7630,8244,8918,9652,10034,10976,11812,12506,12819,13111,14070,14746,15254,16065,16622,17052,17619,18137,18571,20083,20922,21966,22374,23223,23914,24526,25603,26410,26595,27313,27995,28463,29024,30186,31531,32483,32961,33619,35052,35792,35965,36344,37159,37858,38341,38732,40629,41171,41613,41968,43264,43785,43863,44185,45235,46205,46953,48462,49489,49586,50293,51136,52464,52636,53027,53806,55317,56389,56930,57379,58875,60567,60722,61868,62969,63769,64553,64953,66560,66996,67309,67808,68817,69500,70538,71030,72102,72908,73745,74707,75471,76638,76931,77840,79132,80282,81541,82196,83045,84032,84577,85488,86761,87291,87791,88813,89607,90617,92954,93718,94406,95179,96201,97742
59,248,744,1221,1603,2037,2769,3226,3539,4498,5133,5662,6316,6854,7649,8288,8943,9716,10594,11100,11878,12513,12858,13449,14074,14992,15334,16688,17078,17114,17965,18165,19476,20302,21112,22073,22818,23315,24127,25293,25856,26534,26826,27663,28044,28518,29029,30206,31752,32490,33550,33850,35342,35910,36012,36959,37322,38015,38347,38916,40629,41191,41714,43040,43641,43798,44127,44456,45331,46334,47477,48946,49568,49693,50693,51595,52571,52712,53501,54325,55392,56559,57026,58761,59087,60570,61100,62534,63190,63815,64605,65373,66650,67046,67463,68315,68969,69924,70902,71640,72358,73398,73995,74730,75791,76707,77163,78425,79364,80319,81589,82281,83270,84279,85243,85520,86803,87316,88378,88880,89864,90718,92963,93785,94720,95428,96490,97786
60,284,752,1278,1666,2071,2810,3407,3815,4557,5193,5677,6472,6884,7747,8289,8955,9809,10805,11102,11957,12570,12950,13731,14270,15007,15357,16751,17107,17565,18093,19228,19482,20397,21191,22252,22965,23529,24415,25372,25865,26588,27061,27777,28170,28786,29304,30222,31755,32633,33592,34391,35374,35972,36328,37077,37480,38127,38424,40064,40637,41249,41832,43132,43769,44266,45354,45608,45762,46863,48192,48949,49738,49959,51137,51812,52596,52790,53530,54637,55398,56778,58430,58926,59512,60747,61456,62589,63235,63908,64805,65728,66735,67153,67660,68351,69196,70049,71109,71998,72359,73503,74024,74855,75815,76720,77496,78427,79379,80376,81736,82713,83400,84503,85481,85987,87073,87762,88396,88987,89988,90860,93037,93847,94897,95680,96555,97861
66,306,827,1281,1666,2103,2865,3456,4097,4611,5275,5777,6528,6981,7809,8344,9037,9934,10826,11197,12059,12664,13204,13854,14302,15113,15514,16755,17380,17634,18610,19233,19806,20513,21586,22256,23044,23538,24480,25532,26285,26822,27290,27834,28642,28953,30051,30462,32128,32648,33782,34776,35389,36179,36363,37078,37782,38208,39766,40211,40873,42123,42128,43452,43828,44975,45725,45772,45806,47342,48369,48971,49780,50137,51244,51972,52627,52797,54061,54759,55425,56908,58638,59078,59939,60751,61571,62629,63304,64053,64805,65756,66794,67209,67712,68575,69292,70081,71348,72036,72377,73716,74397,75023,75985,76906,77631,78760,79501,80496,81962,82840,83959,84977,85518,86531,87213,87956,88509,89319,90048,91077,93100,93878,94961,95705,96709,98006
67,332,852,1290,1675,2293,2879,3488,4172,4702,5285,5877,6602,7073,7824,8513,9357,10111,10827,11406,12148,12670,13355,13890,14509,15231,15607,16802,17415,17916,18699,19389,19879,20837,21620,22499,23169,23624,24520,25605,26406,26985,27451,28288,28753,28968,30071,31114,32613,33148,33807,34787,35482,36278,36593,37261,38167,39014,39792,40232,41263,42276,42359,43501,43962,45604,46111,47298,47687,47932,48409,49151,50147,50538,51309,52313,52971,53361,54086,54979,55480,57639,58726,59346,60023,60768,62158,62777,63436,64155,64880,65857,66799,67321,67921,68585,69308,70167,71706,72460,73388,73717,74413,75167,76181,76921,77904,78805,79832,81436,81977,83289,84023,84984,85617,86588,87335,87960,88587,89379,90134,91563,93167,93892,95004,95895,96804,98165
78,332,861,1342,1787,2344,2903,3840,4194,4738,5358,5905,6673,7578,8075,8619,9553,10281,10878,11511,12219,12688,13417,13987,14541,15272,15688,16993,17807,18406,18843,19402,19960,21062,21628,22600,23172,23727,24525,25656,26556,27072,27618,28362,28763,29346,30152,31118,32673,33271,33848,34795,35653,36332,36735,37607,38175,39532,39950,40387,41781,42673,43047,43861,44084,45668,46120,47300,47871,48106,48487,49160,50470,51001,51368,52399,53054,53592,54190,55039,55906,57684,58762,59474,60163,60829,62190,63190,63830,64592,64910,66010,66815,67348,68090,68831,69618,70385,71707,72675,73677,74084,74549,75422,76515,77367,77948,78973,80009,81623,82295,83364,84156,85166,86022,86696,87464,88169,88719,89560,90172,92282,93171,93909,95075,95967,96852,98196
84,371,868,1353,1807,2415,2963,3887,4478,4855,5399,6016,6717,7695,8515,8702,9616,10487,10923,11525,12335,12736,13457,13993,14570,15274,15906,17140,17824,18451,18963,19508,20003,21134,21687,22610,23194,24348,24797,25684,26655,27123,27636,28420,29569,29696,31290,32059,33041,33476,34343,34898,35765,36436,36981,37708,38279,39620,40262,40893,42095,42674,43238,43870,44417,45737,46447,47443,47871,48239,48581,49184,50516,51027,51741,52521,53320,53697,54535,55219,56150,57828,58817,59552,60346,60881,62464,63275,63882,64663,65267,66392,66904,67452,68415,68936,70074,70515,71771,72906,73687,74404,74691,75906,76707,77402,78406,79279,80023,81669,82511,83525,84197,85234,86144,86770,87480,88275,88949,89838,91092,92325,93186,93934,95142,96088,96878,98231
85,379,875,1365,1833,2498,2981,3993,4482,4857,5572,6291,6845,7757,8542,8793,9648,10508,10977,11692,12553,12933,13588,14071,14974,15392,15951,17213,17858,18572,19011,19528,20045,21143,21850,22713,23309,24435,24967,25912,26691,27195,27810,28851,29570,29767,31482,32437,33059,33565,34409,34915,35842,36518,37030,37803,38673,39622,40327,41165,42097,42765,43541,44302,44825,45862,46777,47634,48014,48305,48615,49369,50568,51402,52141,52527,53330,54135,54713,55246,56391,58066,58937,59797,60358,61204,62514,63289,63978,64713,65573,66533,67201,67667,68606,69209,70100,70529,72130,73221,73788,74525,75483,75954,76886,78191,78589,80345,80819,81671,82628,83531,84353,85237,86241,86872,87811,88296,89046,90093,91320,92515,93267,93998,95168,96094,96886,98232
91,404,934,1375,1914,2508,3003,4071,4495,5020,5581,6416,7055,8128,8574,9216,9900,10539,11366,11701,12555,13173,13758,14260,15009,15586,16227,17309,17993,18592,19069,19670,20105,21215,21896,22953,23368,24508,25068,26096,27083,27364,28034,29066,29657,29885,31552,32514,33101,33686,34707,35092,35913,36626,37203,38126,38807,39712,40405,41288,42441,42871,43705,44552,45377,46035,46822,47882,48045,48403,49118,50020,50776,51523,52246,52598,53532,54350,54982,55359,56559,58124,59310,60113,60483,62010,62609,63391,64238,64897,65725,66545,67357,67757,68834,69739,70236,70671,72322,73376,73913,75191,75803,76239,78012,78452,78954,80379,81292,81994,82633,83748,84734,85333,86251,86932,87851,88529,89105,90197,91352,92517,93392,94151,95400,96208,97133,98245
92,409,994,1388,1955,2535,3109,4106,4509,5023,5707,6515,7110,8238,8721,9303,9959,10579,11479,11730,12663,13290,13935,14517,15044,15662,16231,17345,18138,18820,19142,19716,20459,21295,22036,23130,23530,24675,25129,26178,27146,27484,28131,29314,29691,30059,31799,32757,33306,33844,34716,35113,36197,36679,37453,38431,39019,39758,40500,41649,42496,43197,43839,44651,45407,46069,46836,47962,48147,48496,49190,50067,50950,51599,52354,52966,53692,54882,54999,55510,56749,58277,59602,60234,60699,62045,62612,63511,64620,65172,65798,66860,67422,68043,69149,69852,70485,71450,72460,73481,74250,75249,75899,76944,78151,78463,79548,80542,81303,82017,82852,83930,84799,85390,86276,86940,87919,88709,89362,90246,91418,92531,93489,94271,95476,96321,97172,98400
94,420,1014,1423,2161,2626,3199,4130,4652,5190,5845,6544,7254,8308,8964,9368,9997,10734,11630,11869,12949,13358,13985,14569,15072,15828,16234,17473,18175,18836,19294,19721,20517,21340,22146,23255,23751,24730,25283,26370,27198,27571,28476,29396,29890,30090,31884,32804,33348,34313,34833,35272,36220,37010,37715,38495,39095,40301,40932,41679,42756,43233,43985,44886,45706,46130,46950,47997,48543,48890,49266,50131,51233,51873,52485,53128,54173,54902,55178,56256,57055,58321,59670,60454,61429,62087,62688,63546,64687,65542,65895,67150,67660,68359,69473,70310,70717,71531,72674,73657,74327,75309,76219,77323,78263,78773,79900,80673,81449,82246,82932,83936,85170,85421,86290,86965,87931,88791,89410,90343,91487,92613,93520,94495,95502,96399,97181,98472
98,422,1041,1481,2192,2649,3263,4184,4695,5266,5864,6643,7279,8372,8979,9540,10010,10855,11642,12261,13013,13473,14401,14836,15165,15885,16391,17679,18319,18852,19297,19819,20761,21415,22173,23330,23781,24745,25461,26468,27225,27685,28940,29516,29952,30819,32248,32960,33382,34448,34880,35315,36632,37367,37868,38570,39900,40398,41002,41847,42863,43353,44230,45103,45779,46393,47093,48053,48569,49061,49305,50272,51400,51910,52742,53181,54220,55148,55824,56796,57171,58538,59857,60548,61628,62275,62990,64167,64843,65622,66061,67253,67927,68539,69507,70343,70959,71732,72873,73702,74352,75357,76412,77547,78302,78961,80030,80684,81508,82357,83024,84335,85301,85555,86371,86968,88029,89160,89456,90410,91556,92649,93614,94537,95508,96422,97228,98473
101,423,1067,1490,2195,2796,3366,4198,4738,5292,5920,6663,7445,8418,8981,9566,10101,10972,11759,12352,13085,13501,14625,14901,15247,16041,16729,18000,18331,18856,19314,20062,20908,21474,22403,23355,23879,25057,25509,26994,27394,27786,28966,29591,30061,31544,32303,32991,33866,34548,34962,35657,36712,37458,38235,39091,40232,40764,41127,42012,42873,43452,44232,45232,45818,46501,47246,48067,48603,49089,49878,50427,51734,52183,52791,53441,54677,55555,55861,56837,57621,58934,59943,60570,61704,62289,63144,64196,65158,65626,66607,67482,67930,68643,69720,70672,71268,72122,72913,73779,74595,75602,76769,77576,78308,79212,80326,80769,81516,82376,83360,84348,85364,85826,86508,87024,88083,89191,89614,90858,91737,92663,93687,94548,95563,96596,97256,98515
111,463,1077,1523,2201,2827,3386,4265,4789,5431,6028,6769,7517,8435,9034,9596,10142,11255,11962,12391,13173,13544,14642,14967,15248,16439,16829,18048,18672,19299,19587,20187,20958,21591,22678,23483,24322,25090,25578,27062,27396,28107,29170,29710,30160,31675,32485,33028,33913,34659,35024,35820,36983,37520,38857,39380,40295,40801,41310,42067,42975,43509,44308,45282,45860,46603,47249,48147,49028,49109,49995,50820,51847,52198,52810,54066,54816,55743,56112,57149,57896,59132,59957,60667,61913,62359,63433,64367,65310,65642,66684,67574,68085,69111,69735,70709,71395,72123,73106,74308,74706,75733,76791,77694,78435,79269,80329,80822,81578,82376,83393,84412,85406,85866,86512,87115,88199,89238,89729,90995,91740,92900,93737,94591,95574,96639,97257,98582
113,464,1088,1545,2257,2858,3415,4379,4824,5465,6081,6839,7554,8612,9154,9625,10152,11324,11990,12522,13343,13716,14744,15052,15568,16491,16973,18059,18722,19413,19595,20525,20986,21611,22801,23483,24523,25181,25602,27087,27892,28562,29307,29991,30973,31709,32535,33253,34044,34875,35465,36279,37145,38136,38866,39438,40445,40953,41480,42077,43044,43745,44552,45364,45920,46692,47252,48225,49040,49659,50074,50836,51871,52605,52906,54081,54850,55751,56752,57463,58201,59143,60069,60761,62100,62395,63638,64434,65367,66307,67025,67605,68658,69157,69789,71065,71488,72165,73195,74363,74809,75920,76846,77813,78562,79364,80336,81011,81645,82447,83557,84689,85409,85901,86654,87459,88232,89268,89746,90999,91828,92948,93799,94749,95654,96667,97389,98619
127,467,1097,1548,2331,2863,3658,4411,4832,5542,6115,6912,7825,8632,9270,9705,10238,11358,12064,12604,13454,13968,14774,15068,15571,16536,17397,18134,18750,19425,20000,20531,21101,21675,22892,23506,24722,25253,25816,27103,27894,28685,29384,30434,31043,31738,32628,33279,34064,35047,35598,36488,37251,38162,39021,39531,40503,41092,41611,42130,43087,43769,44837,45408,45950,46801,47277,48270,49335,49742,50087,50918,51967,52706,53299,54271,55296,55885,57029,57879,58311,59188,60115,60950,62153,62583,63676,64442,65455,66382,67079,67700,68909,69496,70039,71068,71563,72201,73611,74420,75074,76028,77099,77848,78656,79398,80364,81154,81752,82536,83700,84689,85617,85982,86782,87474,88686,89440,89828,91290,91859,93011,93837,94870,95792,96700,97418,98622
136,495,1124,1571,2335,2909,3681,4442,4906,5625,6173,7113,7880,8680,9273,9881,10245,11483,12183,12680,13507,14030,14798,15161,15967,16676,17411,18192,18975,19673,20142,20599,21273,21823,22956,23524,24747,25259,25826,27203,27951,28742,29446,30659,31141,31760,32748,33297,34215,35310,35607,36632,37492,38379,39149,39608,40666,41178,41746,42292,43117,43778,44892,45491,46392,46944,47805,48380,49409,49780,50203,51070,51994,52837,53674,54415,55348,56080,57051,58080,58492,59198,60377,61157,62184,62737,63703,64536,65571,66494,67241,67729,68954,69499,70084,71198,71767,72579,73660,74644,75271,76213,77165,77907,78725,79443,80445,81179,81773,82728,83740,84855,85673,86468,86899,87779,88867,89490,90349,91406,91964,93031,93921,94896,95804,96746,97575,98627
147,507,1145,1648,2384,2918,3782,4498,4914,5635,6516,7200,7907,8702,9299,10062,10593,11611,12472,12817,13809,14259,14875,15218,16127,16718,17558,18238,18980,20023,20215,20603,21304,22069,23066,23797,24910,25276,26418,27285,28092,28746,29454,30835,31172,31774,32800,33443,34399,35585,36031,36825,37797,38664,39159,39990,40722,41223,41882,42310,43156,43783,45091,45589,46499,47009,47896,48523,49511,49797,50914,51268,52101,52868,53722,54612,55534,56172,57070,58165,58502,59472,60495,61172,62192,62970,63990,64809,65803,66616,67367,67806,69101,69501,70263,71234,72011,72699,73874,74735,75564,76392,77256,78079,78764,79453,80484,81193,81804,82812,83787,84915,85792,86558,86985,87849,89037,89716,90393,91541,92096,93035,93945,94907,95823,96772,97598,98668
150,525,1167,1656,2485,3006,3847,4516,4973,5687,6516,7250,7937,8740,9378,10094,10877,11631,12481,12844,13822,14260,14876,15236,16158,16957,17687,18260,18984,20042,20322,20613,21438,22214,23076,23813,24947,25459,26479,27317,28233,28778,29845,30962,31685,32069,32857,33484,34461,35810,36082,36830,37946,38688,39189,39997,40785,41332,42012,42606,43285,44273,45114,45600,46636,47172,47919,49113,49523,49915,51048,51517,52332,53140,53763,54678,55551,56390,57134,58198,58697,59504,60521,61297,62208,63023,64016,64890,66033,66753,67480,67985,69417,69626,70654,71245,72152,72897,73935,74758,75833,76463,77436,78267,78978,79549,80524,81250,81825,82906,83788,85000,85825,86608,87061,87963,89040,89771,90495,91554,92132,93089,93970,95017,95829,96773,97640,98712
164,563,1178,1674,2519,3070,3850,4591,5029,5690,6520,7298,7962,8751,9556,10376,10924,11637,12511,12954,13875,14315,14914,15363,16268,16981,17704,18472,19016,20055,20355,20624,21478,22343,23111,23838,25011,25637,26541,27522,28317,28993,30083,31109,31730,32120,32999,33568,34497,35891,36173,36884,38176,38696,39398,40015,40811,41417,42172,42694,43289,44303,45123,45861,46644,47200,48041,49199,49526,49916,51071,51819,52397,53167,53797,54682,55642,56424,57154,58228,58810,59505,60867,61344,62289,63041,64048,64987,66273,66798,67516,68136,69485,69642,70669,71310,72586,73202,73956,75081,75990,76510,77444,78331,79177,79734,80564,81267,81907,82922,83956,85019,85840,86619,87131,88010,89195,89962,90891,91594,92150,93111,93997,95181,95868,96803,97641,98828
171,591,1181,1676,2521,3130,3871,4599,5067,5715,6607,7300,7978,8771,9565,10380,11005,11722,12525,13001,13902,14472,15023,15461,16292,17043,17832,18558,19156,20242,20365,20757,22063,22343,23175,23902,25060,25914,26607,27701,28398,29037,30216,31166,31748,32184,33206,33688,34529,35918,36183,36896,38275,38832,39406,40107,40881,41433,42340,42782,43516,44386,45284,46048,46752,47222,48078,49205,49580,49977,51181,51941,52473,53268,54027,54821,55673,56455,57308,58274,58867,59550,61161,61578,62390,63279,64053,65091,66378,66918,67925,68469,69568,69817,70795,71841,72662,73243,74269,75120,76028,76635,77488,78401,79210,79937,80684,81272,82065,83029,83990,85043,85880,86724,87245,88052,89348,90015,90947,91677,92226,93201,94061,95251,95875,96814,97648,98839
187,617,1253,1718,2563,3147,3906,4610,5070,5748,6607,7323,8104,8809,9628,10468,11006,11878,12580,13030,13962,14593,15059,15478,16423,17242,17877,18646,19219,20276,20431,21091,22094,22495,23190,23957,25196,25954,26933,27817,28526,29059,30227,31266,31901,32245,33263,33801,34685,35937,36512,36899,38544,38879,39452,40189,40952,41584,42355,42894,43668,44496,45318,46088,46841,47246,48375,49273,49679,50242,51418,51968,52522,53376,54036,54831,55694,56605,57445,58363,58871,59730,61168,61657,62533,63405,64080,65161,66507,67051,67942,68515,69634,69937,70891,71912,72700,73329,74369,75133,76055,76649,77504,78590,79244,80154,80902,81462,82074,83110,84397,85114,85914,86797,87261,88126,89372,90134,90950,91728,92290,93269,94102,95259,95965,96925,97693,98849
189,631,1270,1851,2574,3151,3973,4617,5118,5792,6651,7352,8112,8921,9819,10532,11051,11936,12582,13137,13964,14613,15061,15586,16452,17299,17897,18742,19290,20305,20558,21247,22123,22576,23366,24017,25257,26170,26940,27851,28561,29296,30481,31435,32026,32321,33358,33887,34778,35947,36526,37048,38546,38929,39537,40239,41131,41802,42499,43605,43904,44709,45458,46094,46849,47524,48431,49358,49779,50529,51441,52043,52583,53565,54472,54832,55694,56667,57621,58432,59102,60005,61182,61689,62600,63487,64126,65358,66592,67172,68259,68568,69680,70104,71044,71969,72738,73445,74374,75199,76180,76767,77534,78606,79495,80180,80945,81478,82159,83183,84433,85149,86145,86986,87545,88248,89464,90263,90980,91747,92294,93403,94189,95327,95975,96941,97739,98884
195,647,1275,1867,2666,3174,3994,4670,5153,5971,6653,7419,8181,8924,9824,10539,11055,12197,12625,13180,13968,14620,15169,15628,16483,17348,17959,18813,19495,20317,20567,21632,22155,22644,23369,24196,25440,26311,26944,27913,28586,29301,30491,31483,32193,32327,33417,33968,34941,35997,36693,37437,38550,38930,39582,40364,41344,41927,42620,43750,43975,44823,45498,46104,46946,47679,48434,49361,49797,50724,51565,52076,53105,53634,54527,54917,55708,56816,57631,58540,59133,60066,61183,61830,62859,63965,64262,65581,66596,67284,68278,68864,69725,70501,71170,72031,72799,73744,74498,75282,76246,76958,77553,78631,79550,80199,80961,81520,82241,83213,84510,85199,86167,86992,87546,88399,89503,90330,91076,91780,92385,93406,94208,95417,96164,96947,97752,98891
199,657,1279,1871,2721,3196,4102,4678,5265,5981,6719,7429,8191,8963,9876,10546,11193,12203,12683,13363,13976,14625,15170,15805,16601,17376,17999,18909,19515,20322,20777,21735,22237,22669,23555,24302,25642,26327,27225,28024,28633,29313,30561,31597,32237,32394,33462,34340,34993,36030,36808,37554,38671,39150,39772,40470,41427,42073,42888,43780,44030,44983,45556,46137,47027,47833,48490,49489,49904,50866,51693,52127,53107,54052,54587,54932,55910,56883,57771,58550,59301,60184,61186,61937,62929,64000,64339,65637,66674,67512,68391,69076,69747,70614,71318,72143,72938,73755,74694,75416,76361,77015,77564,78632,79687,80253,80992,81676,82254,83392,84536,85199,86218,87034,87845,88399,89554,90396,91146,91857,92437,93430,94288,95442,96169,96953,97765,98915
207,662,1323,1876,2726,3206,4184,4692,5296,6007,6774,7546,8202,8979,9920,10547,11290,12219,12701,13390,14029,14666,15253,15830,16712,17427,18027,18918,19559,20407,20972,21812,22271,22770,23696,24411,25835,26426,27299,28204,28655,29398,30822,31628,32258,32616,33644,34414,35047,36116,36828,37565,38781,39183,39818,40483,41448,42139,42998,43791,44070,44992,45592,46244,47080,47877,48512,49541,50198,50910,51696,52347,53320,54122,54724,55115,55966,56897,57910,58570,59391,60313,61206,61942,62950,64028,64364,65722,66684,67552,68449,69260,69933,70671,71325,72146,72975,73756,74777,75686,76442,77131,77642,78661,79869,80258,81035,81682,82381,83492,84571,85245,86228,87063,87949,88655,89564,90437,91160,91909,92475,93536,94326,95508,96223,97007,97774,98966
218,662,1342,1894,2735,3228,4191,4710,5306,6191,6835,7590,8220,9051,10013,10617,11364,12238,12752,13566,14211,14772,15275,15878,16799,17465,18116,18923,19706,20498,21009,21955,22656,23097,23704,24561,25888,26484,27343,28218,28859,29488,31014,31658,32260,32783,33645,34486,35100,36149,37026,37746,38781,39273,40005,40488,41662,42462,43116,43803,44085,45082,45616,46380,47105,47883,48760,49680,50501,50987,51742,52490,53462,54235,54735,55203,56076,56941,57982,58682,59405,60421,61249,62162,62976,64055,64490,65753,66806,67709,68534,69363,69951,70702,71359,72341,73034,73861,74859,75739,76506,77263,77792,78847,79911,80360,81056,81752,82450,83498,84642,85450,86246,87086,88024,88662,89681,90522,91298,91917,92485,93595,94466,95521,96238,97022,97801,98975
221,684,1356,1927,2796,3257,4300,4753,5320,6259,6892,7607,8303,9109,10076,10623,11381,12270,12787,13638,14215,14778,15296,15910,16824,17487,18185,18934,19872,20605,21295,22025,22766,23231,23727,24874,25999,26692,27431,28222,28936,29529,31029,31801,32266,32830,33685,34495,35111,36309,37097,37861,38790,39299,40054,40675,41889,42552,43160,43979,44188,45260,45638,46480,47161,47938,48796,49916,50533,51053,51865,53000,53522,54264,54782,55489,56131,57184,58081,58871,59520,60547,61311,62173,63076,64148,64822,65891,66843,67842,68594,69371,70009,70832,71452,72377,73175,73879,74876,75806,76566,77328,77808,78862,80052,80367,81071,81769,82592,83664,84650,85480,86276,87125,88040,88759,89693,90589,91334,91941,92561,93612,94472,95540,96275,97113,97846,98983
243,688,1386,1981,2839,3315,4303,4768,5344,6359,6951,7777,8442,9165,10127,10655,11458,12271,12811,13676,14225,14825,15337,15954,16928,17530,18369,18988,19995,20621,21408,22121,22956,23332,23813,25057,26118,26781,27477,28237,28944,29585,31287,31803,32331,32952,33756,34628,35230,36316,37184,37861,38894,39379,40319,40693,41902,42673,43191,44080,44504,45278,45870,46641,47552,47990,49021,50061,50668,51064,51907,53007,53581,54303,54792,55616,56378,57232,58103,58903,59605,60605,61317,62191,63148,64192,64906,65938,66995,67988,68742,69454,70025,71004,71516,72393,73237,73886,74887,75823,76569,77336,78048,78954,80092,80399,81181,81804,82745,83690,84694,85544,86277,87206,88065,88781,89699,90621,91341,91942,92621,93655,94485,95553,96317,97131,97903,98985
266,705,1420,2005,2857,3375,4341,4795,5367,6456,6968,7898,8557,9188,10214,10678,11501,12324,12853,13680,14231,14953,15382,16072,16967,17589,18629,19034,20024,20687,21609,22179,23076,23362,23930,25163,26170,26876,27581,28260,29011,30195,31324,31881,32416,33009,34217,34701,35262,36324,37225,37950,38940,39459,40415,40741,41941,42692,43368,44192,44518,45289,45973,46701,47787,48089,49129,50117,50713,51067,52019,53055,53668,54388,54909,55766,56665,57384,58227,58908,59680,60754,61522,62224,63273,64227,65045,66002,67120,68028,68771,69484,70043,71074,71671,72396,73407,73974,74938,75967,76676,77377,78218,79026,80110,80567,81218,81916,82920,83759,84696,85683,86436,87376,88116,88925,89710,90650,91348,92113,92705,93719,94587,95601,96390,97131,97910,98994
276,723,1458,2038,2873,3405,4342,4845,5378,6479,6975,7916,8634,9208,10215,10772,11581,12367,12858,13744,14282,14960,15494,16274,17016,17689,18711,19120,20336,20962,21748,22180,23186,23511,24017,25322,26236,26982,27602,28401,29031,30219,31360,31898,32531,33106,34365,34715,35464,36439,37353,38069,39000,39584,40446,40901,41970,42818,43415,44234,44680,45339,46165,46831,47882,48156,49219,50145,50780,51206,52037,53088,53817,54544,55036,55829,56834,57394,58311,59077,59906,60772,61548,62278,63454,64318,65148,66042,67279,68075,68810,69500,70044,71136,71755,72564,73426,74033,75145,76120,76922,77434,78288,79228,80133,80588,81228,82012,82937,83872,84798,85714,86491,87455,88200,88983,89906,90666,91373,92128,92887,93768,94615,95608,96451,97149,97977,98997
296,734,1484,2040,2890,3411,4348,4867,5490,6488,7019,7953,8698,9268,10313,10882,11690,12451,12867,13759,14332,15043,15527,16359,17030,17958,18812,19177,20346,20988,21776,22221,23202,23547,24057,25390,26275,27098,27681,28500,29177,30235,31362,31957,32749,33218,34391,34789,35476,36457,37380,38133,39020,39658,40483,40935,42003,42911,43552,44249,44717,45501,46166,46853,47912,48179,49453,50352,50800,51539,52048,53088,53901,54898,55091,55978,56943,57419,58347,59152,60061,60802,61679,62291,63516,64322,65355,66135,67311,68095,68929,69575,70184,71178,71757,72624,73445,74043,75217,76206,76945,77479,78324,79286,80146,80692,81242,82046,82978,83930,84846,85763,86567,87615,88226,89004,89942,90727,91378,92150,92948,93896,94615,95649,96474,97159,98083,99010
301,761,1498,2060,2943,3525,4354,4902,5514,6555,7066,7980,8736,9312,10385,10894,11738,12458,12886,13803,14376,15056,15700,16535,17127,17970,18823,19228,20362,21003,21874,22390,23287,23879,24079,25464,26276,27240,27882,28514,29197,30417,31363,31984,32960,33323,34405,34843,35512,36476,37414,38190,39050,39785,40523,41003,42023,42919,43674,44251,44774,45576,46188,47063,47985,48783,49525,50485,50815,51626,52451,53165,54041,54904,55543,56187,56951,57572,58498,59356,60209,60833,61718,62321,63549,64371,65546,66138,67334,68112,69039,69696,70285,71241,71897,72645,73515,74265,75256,76345,76993,77641,78371,79343,80194,80725,81265,82215,83030,83958,84851,85768,86580,87629,88277,89082,90067,90754,91392,92171,93014,93974,94850,95727,96484,97206,98165,99024
315,796,1551,2089,3056,3631,4359,4989,5523,6593,7103,7989,8754,9326,10419,10903,11760,12506,12889,13817,14449,15078,15710,16646,17198,17974,18832,19370,20428,21102,21898,22513,23308,24033,24327,25558,26277,27265,27997,28580,29231,30421,31452,32043,33008,33487,34447,34844,35600,36490,37442,38223,39112,39856,40714,41254,42114,42955,43681,44399,44894,45716,46318,47192,48007,48813,49545,50524,51037,51654,52661,53452,54110,54917,55766,56412,56972,57783,58517,59406,60235,60913,61773,62357,63635,64559,65671,66273,67539,68125,69045,69892,70448,71317,71917,72678,73517,74515,75312,76392,77050,77736,78392,79343,80203,80732,81297,82300,83210,84015,84862,85790,86585,87678,88386,89083,90079,90768,91485,92270,93040,93999,94999,95768,96486,97219,98184,99107
316,834,1552,2115,3070,3651,4365,5105,5539,6630,7184,8021,8929,9478,10434,10924,11777,12517,13027,13844,14560,15171,15974,16715,17224,18007,18833,19586,20553,21149,21916,22548,23410,24361,24638,25667,26506,27266,28022,28600,29327,30482,31462,32093,33011,33899,34547,34958,35649,36546,37603,38353,39324,39978,40761,41341,42212,43083,43694,44433,44978,45732,46326,47233,48062,48832,49602,50542,51161,51906,52681,53457,54126,55037,55986,56415,57123,57906,58780,59433,60495,60960,61877,62459,63638,64641,65679,66362,67549,68255,69135,69999,70622,71488,71964,72745,73655,74680,75566,76581,77135,77916,78533,79351,80210,80790,81442,82428,83234,84021,84863,85839,86588,87718,88405,89181,90164,90793,91552,92333,93061,94034,95029,95771,96521,97220,98190,99149
322,841,1595,2117,3087,3686,4369,5192,5698,6709,7224,8029,8940,9516,10453,10933,11828,12548,13029,13884,14619,15176,16037,16853,17297,18161,18900,19811,20640,21187,22028,22630,23509,24423,24800,25767,26531,27325,28087,28638,29341,30641,31617,32148,33086,33989,34568,34978,35737,36592,37613,38380,39448,40065,40799,41346,42352,43260,43795,44477,45043,45782,46418,47269,48105,49063,49699,50687,51307,51920,52874,53613,54269,55185,56064,56424,57191,57935,58894,59558,60515,61020,62020,62632,63702,64875,65836,66401,67553,68291,69202,70036,70681,71490,72022,72814,73770,74698,75669,76585,77139,77931,78538,79361,80250,80894,81488,82560,83276,84087,84941,85903,86777,87724,88450,89184,90199,90814,91606,92352,93066,94066,95079,95779,96531,97224,98287,99154
336,866,1622,2120,3108,3769,4392,5313,5911,6755,7267,8044,8987,9601,10459,10989,11838,12588,13068,14040,14645,15195,16119,16884,17312,18303,19058,19904,20765,21319,22142,22785,23575,24575,25011,25778,26613,27336,28152,28684,29370,30678,31621,32197,33153,34169,34680,35236,35799,36663,37622,38458,39475,40157,40841,41409,42462,43280,43803,44508,45066,45925,46505,47322,48124,49065,49711,50761,51464,52207,52882,53641,54695,55560,56116,56623,57537,57979,59010,59659,60676,61201,62071,62771,63723,64962,65841,66530,67615,68365,69342,70105,70831,71598,72066,72924,73835,74805,75882,76651,77141,77966,78542,79368,80304,80929,81665,82628,83299,84230,84962,85908,86792,87744,88587,89188,90235,90872,91649,92363,93077,94075,95092,95940,96535,97286,98293,99156
338,878,1638,2122,3131,3804,4628,5318,5988,6805,7286,8068,9015,9715,10472,11089,11846,12609,13270,14045,14677,15200,16210,16906,17358,18411,19062,19943,20773,21405,22326,22810,23646,24659,25017,25799,26699,27409,28207,28753,29566,30680,31655,32375,33228,34299,34699,35329,35866,36949,37773,38469,39518,40158,41047,41427,42511,43282,43810,44511,45246,45935,46700,47382,48432,49108,49886,50907,51503,52408,52920,53875,54705,55583,56185,56796,57554,58003,59072,59812,60779,61292,62099,63036,63791,65002,65949,66656,67677,68471,69379,70114,70846,71615,72276,72971,73882,74830,75947,76659,77271,78063,78551,79397,80418,80955,81718,82705,83322,84247,84976,85979,86816,87764,88616,89210,90320,90953,91683,92369,93111,94092,95120,95957,96673,97293,98326,99164
342,930,1731,2127,3141,3832,4672,5325,5988,6857,7388,8180,9047,9851,10473,11102,11873,12662,13287,14053,14716,15254,16244,16932,17542,18463,19073,20033,20862,21440,22341,22923,23680,24723,25061,25907,26725,27418,28259,28782,29574,30777,31679,32394,33248,34330,34699,35332,35880,37037,37814,38540,39656,40264,41337,41477,42765,43296,43842,44520,45290,46007,46727,47486,48461,49158,49897,51052,51863,52506,53130,54200,55114,55853,56394,56943,57576,58123,59133,60263,60790,61793,62522,63037,63891,65005,66063,66687,67712,68505,69427,70126,70920,71775,72319,73044,73973,74863,76060,76698,77519,78170,78576,79422,80495,81008,81817,82776,83486,84309,85080,86035,86851,87800,88629,89322,90456,91057,91728,92423,93145,94129,95211,95968,96697,97294,98380,99169
344,941,1747,2129,3141,3987,4682,5329,6056,6896,7500,8239,9098,9872,10483,11104,11893,12668,13305,14150,14767,15271,16291,16969,17583,18528,19198,20047,20878,21565,22369,22941,23733,24824,25082,25977,26787,27457,28328,28807,29681,30890,31718,32406,33322,34441,34750,35481,36046,37141,37901,38546,39657,40299,41384,41596,42776,43339,43894,44869,45345,46195,46744,47565,48476,49240,50027,51089,51960,52542,53853,54479,55118,55894,56628,56964,57659,58176,59298,60436,60919,62014,62695,63081,63897,65057,66069,66775,67806,68598,69513,70139,71098,71782,72365,73236,73989,74907,76173,76769,77549,78178,78693,79520,80527,81023,81849,82811,83527,84337,85090,86035,86899,87852,88700,89491,90474,91112,91736,92649,93169,94258,95212,95989,96717,97303,98380,99191
347,943,1753,2155,3199,4042,4717,5337,6140,6897,7516,8291,9119,9874,10611,11331,11898,12697,13335,14165,14884,15332,16364,17112,17712,18536,19389,20221,20930,21635,22466,23007,23875,24842,25107,26025,26818,27504,28377,28867,29757,31062,31726,32440,33701,34504,34833,35557,36100,37299,37936,38634,39809,40472,41384,41824,42805,43508,44018,44896,45447,46254,46911,47811,48601,49313,50158,51254,51994,52832,53883,54486,55236,55963,56709,57027,57672,58189,59605,60636,60932,62060,62801,63235,63978,65079,66255,66804,67807,68604,69581,70171,71111,71865,72571,73314,74095,75103,76224,76863,77569,78252,78795,79571,80646,81045,81856,82819,83576,84400,85185,86077,86915,87922,88710,89538,90525,91176,91769,92675,93199,94267,95274,96002,96733,97304,98384,99204
355,946,1755,2191,3223,4092,4727,5347,6170,6931,7526,8311,9189,9937,10633,11369,11988,12756,13348,14234,14891,15511,16528,17142,17754,18584,19461,20263,20945,21710,22586,23147,24098,24850,25526,26059,26867,27751,28423,28892,30028,31190,31826,32483,33759,34606,34862,35585,36116,37321,38008,38638,39812,40672,41442,41924,42852,43522,44039,44901,45532,46400,46984,47818,48703,49353,50338,51499,52024,53093,53883,54663,55279,56065,56873,57072,57768,58394,59732,60660,61225,62191,62802,63249,64349,65117,66381,66822,67839,68741,69629,70188,71112,71893,72723,73389,74200,75271,76256,76864,77585,78308,78864,79693,80660,81077,81870,82828,83589,84421,85398,86100,87126,87964,88727,89559,90550,91185,91812,92745,93223,94282,95320,96009,96755,97321,98413,99212
368,948,1765,2233,3229,4103,4733,5394,6234,6969,7539,8366,9291,9941,10664,11417,12188,12761,13404,14312,14895,15521,16555,17155,17778,18723,19474,20473,20972,21844,22697,23320,24249,24879,25542,26094,26972,28028,28453,28918,30042,31193,31850,32509,33795,34629,34962,35666,36145,37375,38106,39143,39855,40753,41543,41961,42984,43532,44238,44908,45560,46425,47084,47831,48953,49392,50371,51509,52360,53497,54250,54825,55430,56185,57004,57267,57845,58871,59809,60676,61449,62249,63063,63290,64443,65166,66589,66930,67842,68742,69679,70274,71132,71967,72756,73496,74202,75422,76270,76881,77604,78381,78870,79839,80675,81161,81918,82855,83606,84448,85453,86125,87273,88023,88800,89597,90583,91200,91823,92779,93289,94293,95349,96053,96757,97332,98439,99213
384,953,1770,2237,3272,4127,4749,5441,6261,6997,7644,8419,9375,10004,10707,11501,12218,12843,13458,14343,14911,15713,16639,17178,18059,18740,19568,20523,20973,21982,22700,23371,24261,25008,25544,26262,27090,28077,28513,28981,30124,31312,31880,32665,33796,34648,35248,35699,36421,37435,38118,39247,39975,40754,41671,42170,43094,43539,44452,45056,45712,46716,47188,47871,49051,49421,50425,51549,52520,53560,54285,54831,55505,56191,57011,57465,58254,58874,59917,60701,61509,62292,63161,63437,64502,65415,66665,66945,67902,68751,69716,70341,71244,71968,72781,73552,74355,75572,76279,76934,77628,78388,78969,79844,80714,81205,82101,82904,83623,84545,85460,86137,87299,88114,88808,89614,90602,91205,91873,92877,93310,94466,95458,96059,96757,97377,98493,99243
392,994,1787,2261,3281,4145,4812,5473,6317,7090,7689,8446,9400,10054,10747,11513,12263,12853,13472,14452,14913,15763,16710,17188,18073,18743,19602,20542,20977,22080,22774,23455,24367,25194,25569,26273,27104,28113,28560,29058,30190,31346,32019,32971,33846,34704,35307,35842,36452,37454,38362,39269,39988,40949,41675,42259,43120,43619,44573,45112,45733,46785,47432,47873,49061,49558,50648,51996,52666,53574,54327,55026,55707,56237,57174,57477,58435,59178,59976,60771,61617,62559,63163,63570,64517,65450,66687,67000,68193,68895,69719,70506,71356,72125,72795,73692,74391,75604,76296,77099,77669,78405,79004,79861,80741,81428,82132,82912,83674,84593,85482,86175,87324,88208,89025,89763,90669,91227,91895,92884,93325,94514,95468,96068,96801,97379,98494,99255
398,1015,1794,2369,3296,4169,4814,5480,6447,7096,7702,8449,9401,10058,10774,11626,12275,12885,13545,14607,15033,15881,16712,17204,18242,18997,19683,20546,21359,22127,22965,23605,24449,25255,25615,26336,27170,28115,28676,29151,30193,31402,32045,33016,33884,34807,35369,35986,36455,37511,38407,39303,39988,40983,41681,42368,43265,43645,44579,45298,45741,46826,47476,48123,49127,49668,50682,52222,52958,53779,54398,55047,55774,56309,57179,57676,58457,59365,60075,60966,61699,62647,63341,64043,64604,65836,66776,67164,68342,68974,69774,70537,71359,72169,72908,73747,74515,75754,76377,77203,77727,78413,79079,79879,80778,81454,82198,82952,83692,84625,85494,86262,87346,88245,89052,89865,90696,91252,91915,92884,93390,94532,95483,96094,96818,97444,98500,99262
405,1032,1802,2375,3333,4176,4870,5563,6499,7170,7720,8600,9417,10199,10838,11657,12279,13027,13614,14629,15059,15893,16725,17205,18253,19137,19727,20585,21621,22312,23081,23710,24490,25317,25782,26377,27191,28135,28739,29187,30201,31520,32054,33020,33974,34898,35477,36045,36824,37660,39089,39463,40074,41095,41709,42392,43366,43667,44601,45387,45962,46867,47611,48184,49179,49681,50810,52302,53054,53956,54471,55220,55789,56409,57288,57928,58464,59392,60120,61044,61961,62961,63429,64086,64649,65855,66825,67185,68365,69012,69803,70560,71486,72175,72937,73752,74582,75831,76392,77208,77817,78463,79260,79882,80895,81655,82281,83013,83783,84799,85521,86354,87347,88322,89058,89868,90733,91292,91942,92967,93395,94577,95485,96103,96862,97475,98535,99266
423,1055,1824,2435,3346,4209,4891,5674,6554,7196,7742,8687,9437,10209,10893,11712,12315,13034,13672,14664,15059,15940,16737,17345,18273,19188,19773,20612,21645,22567,23084,23819,24624,25329,25814,26394,27210,28174,28749,29237,30260,31552,32055,33047,34281,34914,35485,36051,36911,37709,39114,39702,40271,41112,41816,42429,43378,43819,44637,45467,46084,46963,47742,48204,49181,49692,50915,52325,53121,53958,54588,55384,55922,56524,57332,57938,58473,59719,60502,61087,61991,63014,63474,64098,64682,65894,66894,67420,68550,69039,69854,70719,71546,72302,72981,73823,74599,75914,76508,77279,77874,78471,79333,80054,80911,81686,82320,83018,83853,84963,85547,86361,87393,88355,89063,89880,90742,91329,91979,92969,93506,94652,95580,96107,96872,97477,98549,99302
470,1068,1827,2447,3359,4231,4941,5697,6605,7222,7781,8708,9511,10241,10934,11725,12339,13076,13762,14687,15115,16126,16838,17350,18336,19205,19821,20792,21688,22612,23110,23825,24643,25435,25881,26443,27453,28186,28760,29251,30318,31955,32359,33052,34293,34946,35487,36102,36952,37762,39145,39855,40319,41125,41829,42527,43430,44243,44671,45493,46156,46986,47871,48355,49190,49983,50916,52454,53159,54043,54637,55446,55941,56822,58034,58143,59061,59785,60687,61150,62008,63081,63644,64151,64728,66016,66900,67496,68627,69160,69958,70776,71563,72331,73134,73823,74744,75986,76548,77368,77903,78569,79368,80059,80918,81718,82348,83093,83877,85005,85666,86433,87396,88360,89083,89930,90761,91400,92073,93010,93553,94672,95582,96181,96897,97504,98563,99303
470,1104,1842,2519,3364,4256,4956,5779,6638,7226,7796,8738,9535,10352,10946,11743,12501,13220,13831,14690,15128,16158,17078,17524,18424,19207,19943,20810,21815,22648,23188,23897,24692,25517,26020,26647,27504,28274,28791,29301,30406,31993,32401,33130,34345,35005,35493,36240,37035,37882,39250,39900,40731,41177,41933,42546,43435,44255,44682,45616,46167,47221,47993,48458,49210,50552,51164,52503,53389,54119,54771,55480,56023,56824,58043,58161,59429,59890,60797,61236,62245,63099,63650,64181,64808,66018,66942,67577,68721,69313,70092,70800,71629,72478,73154,73936,74745,75988,76594,77383,77907,78572,79418,80079,80970,81905,82473,83096,83885,85010,85668,86434,87426,88395,89091,89975,90801,91564,92141,93050,93608,94707,95626,96224,96930,97737,98569,99314
474,1146,1868,2567,3412,4262,4998,5820,6641,7313,7832,8740,9637,10367,11019,11759,12520,13351,13870,14716,15196,16465,17090,17626,18441,19288,20004,20816,21839,22770,23419,23928,24771,25594,26151,26704,27524,28290,28835,29345,30504,32106,32406,33226,34432,35011,35647,36406,37176,37963,39254,39972,40771,41229,41992,42679,43447,44320,44719,45645,46435,47491,48018,48812,49375,50737,51188,52543,53475,54162,54848,55495,56324,56846,58046,58294,59494,60284,60808,61271,62285,63148,63828,64183,64869,66221,66979,67736,68852,69457,70095,70820,71704,72586,73157,73938,74817,75991,76612,77390,77988,78582,79440,80088,81007,81919,82512,83102,83960,85112,85875,86505,87462,88415,89102,90008,90877,91625,92153,93056,93730,94770,95644,96281,96931,97741,98576,99320
480,1165,1897,2574,3535,4273,5030,5880,6735,7353,7856,8786,9655,10379,11052,11784,12651,13435,13881,14779,15270,16500,17108,17685,18527,19374,20089,21020,21872,22801,23501,24135,24774,25596,26182,26720,27685,28413,29046,29431,30668,32163,32571,33622,34460,35109,35679,36476,37227,37998,39258,39985,40781,41262,42067,42683,43450,44362,44787,45741,46463,47499,48175,48957,49410,50750,51524,52738,53563,54391,54892,55633,56453,56901,58047,58310,59652,60339,60933,61315,62449,63201,63831,64375,65031,66234,67024,67972,68885,69572,70279,70864,71778,72599,73322,74116,74933,75991,76627,77419,78017,78687,79463,80250,81020,81976,82522,83134,84042,85116,85883,86584,87533,88464,89216,90035,90929,91628,92324,93110,93764,94806,95667,96292,96992,97749,98582,99342
488,1166,2016,2592,3560,4346,5039,5880,6810,7485,7968,8816,9707,10387,11111,11839,12729,13463,13913,14779,15553,16619,17239,17815,18534,19430,20208,21081,21938,22804,23525,24192,24857,25606,26239,26746,27828,28475,29154,29810,30689,32182,32724,33703,34463,35183,35718,36605,37239,38034,39359,40168,40793,41279,42171,42774,43464,44427,44843,45794,46522,47500,48372,49088,49853,50799,51660,52840,53661,54426,54958,55723,56484,57117,58082,58727,59714,60355,61010,61358,62477,63242,63919,64455,65263,66424,67040,68011,68902,69584,70298,71006,71874,72629,73367,74376,75005,76008,76636,77483,78162,78693,79555,80374,81088,82015,82687,83138,84090,85179,85993,86591,87540,88520,89282,90064,91011,91650,92375,93141,93785,94835,95679,96298,97002,97764,98588,99391
505,1168,2020,2625,3644,4376,5067,5882,6838,7488,8024,8826,9712,10409,11131,11847,12731,13478,14082,15008,15654,16628,17294,17818,18552,19491,20216,21308,21956,22848,23540,24296,24962,25655,26297,26924,27839,28604,29196,29926,30762,32184,32749,33713,34489,35184,35729,36639,37311,38178,39373,40258,40840,41286,42220,42980,43559,44522,44964,45800,46764,47580,48622,49132,49975,50900,51862,52881,53776,54449,54959,55759,56494,57190,58240,58782,59720,60500,61096,61631,62577,63309,64003,64635,65333,66459,67054,68099,68919,69677,70329,71020,71906,72653,73387,74430,75276,76145,76639,77549,78190,78737,79558,80462,81102,82178,82704,83230,84140,85243,86086,86634,87622,88701,89374,90065,91037,91702,92449,93150,93826,94882,95731,96349,97052,97768,98591,99394
505,1169,2020,2627,3689,4469,5076,5895,6872,7537,8146,9027,9735,10484,11132,11870,12797,13509,14097,15187,15729,16646,17296,17884,18566,19570,20311,21311,22043,22938,23561,24376,24980,25664,26381,26936,28039,28703,29232,29969,31247,32200,32802,33721,34514,35198,35796,36683,37386,38192,39546,40392,40857,41312,42288,43020,43577,44660,45231,45845,46770,47621,48721,49140,50159,51112,51930,52924,53792,54469,54995,55962,56640,57191,58352,59270,59746,60551,61217,61690,62652,63529,64153,64635,65536,66556,67070,68103,68924,69699,70417,71052,71976,72704,73401,74454,75298,76152,76721,77557,78309,78756,79568,80494,81283,82328,82740,83375,84189,85269,86116,86792,87680,88756,89390,90149,91136,91720,92467,93170,93944,95017,95772,96389,97076,97784,98613,99421
522,1190,2055,2664,3695,4502,5085,5915,6876,7632,8216,9068,9780,10513,11187,11941,12828,13517,14134,15294,15940,16719,17323,17891,18651,19589,20467,21384,22074,23039,23579,24436,25208,25749,26413,26939,28121,28835,29276,30038,31365,32227,32905,33749,34561,35238,35849,36713,37408,38322,39661,40419,40913,41318,42399,43034,43786,44812,45281,45920,46794,47733,48855,49148,50274,51119,52017,52943,53828,54515,55295,56146,56679,57718,58374,59344,59806,60604,61414,61702,62660,63595,64227,64883,65671,66627,67101,68157,68934,69830,70434,71075,72000,72749,73657,74495,75484,76157,76785,77562,78355,78822,79570,80499,81356,82349,82911,83444,84363,85270,86386,86830,87710,88790,89397,90199,91138,91793,92484,93182,93992,95023,95784,96412,97101,97897,98636,99425
524,1225,2062,2714,3836,4505,5103,5917,6883,7668,8299,9073,9801,10544,11273,11963,12831,13578,14326,15376,15976,16745,17436,17895,18670,19598,20473,21440,22118,23044,23587,24451,25300,25859,26422,27118,28167,28942,29314,30188,31367,32312,32958,33902,34564,35238,35884,36720,37419,38537,39669,40425,40923,41543,42476,43047,43882,44815,45381,46085,47077,47965,48913,49191,50461,51177,52133,53058,54003,54542,55336,56148,56708,57876,58796,59375,59890,60618,61503,61904,62675,63605,64258,65117,65715,66756,67103,68165,69007,69848,70567,71247,72043,72786,73668,74497,75508,76173,76809,77582,78385,79002,79766,80529,81392,82352,82952,83654,84583,85337,86393,86891,87791,88901,89507,90263,91191,91927,92530,93219,94019,95051,95790,96423,97115,97897,98643,99434
532,1250,2077,2748,3880,4507,5107,5980,6887,7688,8308,9112,9844,10570,11302,11999,13065,13597,14493,15391,16003,16979,17453,17948,18765,19614,20503,21462,22139,23056,23694,24456,25346,25886,26451,27262,28300,29173,29447,30386,31378,32361,33005,33908,34604,35258,35887,36771,37478,38849,39690,40427,40954,41950,42552,43231,43979,44976,45537,46348,47209,48063,48931,49418,50782,51364,52190,53303,54006,54563,55363,56195,56745,58085,58843,59404,59978,60853,61560,62069,63042,63634,64377,65145,65720,66764,67433,68219,69098,69918,70640,71280,72055,72849,73705,74513,75556,76175,76816,77583,78388,79055,79802,80775,81436,82436,82967,83679,84594,85374,86482,86911,87871,88905,89632,90264,91242,92098,92606,93232,94115,95097,95796,96465,97132,97955,98678,99465
546,1254,2081,2813,3927,4571,5143,6062,6913,7814,8630,9143,9862,10575,11304,12062,13127,13629,14791,15393,16055,16979,17591,18001,18775,19651,20602,21681,22165,23096,23778,24495,25354,25955,26671,27343,28315,29190,29721,30455,31509,32413,33007,33926,34616,35346,35908,36776,37621,38884,39716,40431,40978,42005,42600,43275,44108,45025,45903,46532,47370,48229,48973,49553,50799,51428,52268,53308,54044,54717,55459,56198,56821,58153,58999,59583,60200,60914,61648,62117,63062,63768,64388,65410,65870,66800,67488,68240,69170,69967,70667,71392,72110,73061,73787,74569,75611,76197,76816,77682,78450,79161,79830,80844,81523,82480,82974,83729,84619,85481,86502,87115,87950,88907,89639,90307,91263,92161,92650,93363,94161,95110,95822,96535,97140,97960,98710,99498
552,1324,2084,2945,3967,4615,5193,6194,6923,7892,8663,9172,9943,10591,11344,12070,13136,13715,14836,15418,16307,17063,17601,18026,18889,19757,20682,21737,22402,23098,23803,24597,25423,26077,26681,27529,28330,29192,29800,30491,31523,32458,33067,34173,34754,35357,35909,37311,37737,38899,39717,40433,41073,42027,42690,43652,44125,45070,45934,46548,47450,48250,49087,49601,50901,51471,52296,53355,54051,54805,55590,56264,57006,58184,59150,59667,60293,60924,61899,62169,63077,63896,64425,65475,65885,66837,67539,68338,69222,70067,70691,71497,72273,73084,73820,74639,75689,76260,76889,77696,78528,79184,79842,80918,81663,82504,83169,83810,84622,85506,86561,87144,87974,88924,89707,90481,91264,92205,92678,93365,94178,95142,95861,96541,97174,98011,98723,99499
553,1359,2100,2989,4014,4620,5262,6283,7010,7900,8679,9193,9961,10671,11377,12113,13186,13855,14913,15546,16427,17073,17628,18073,19037,19827,20710,21792,22538,23158,23829,24602,25538,26077,26714,27544,28546,29204,29805,30550,31546,32483,33104,34246,34822,35464,35957,37461,37752,38903,39771,40485,41091,42053,42811,43745,44245,45231,46004,46724,47483,48468,49144,49680,50997,51497,52447,53401,54128,54811,55672,56373,57370,58237,59244,59712,60375,61017,61981,62843,63385,63921,64601,65480,65968,66876,67588,68362,69405,70069,70857,71521,72423,73097,74087,74715,75758,76281,77098,77924,78541,79300,79868,80933,81853,82551,83294,83857,84703,85514,86569,87220,88033,88926,89797,90523,91411,92218,92701,93375,94327,95146,95900,96591,97177,98013,98745,99509
572,1370,2120,3031,4040,4685,5307,6325,7043,7915,8716,9263,9975,10772,11382,12115,13218,14084,15011,15552,16484,17086,17643,18192,19126,19908,20794,21830,22557,23209,23941,24641,25582,26102,26766,27607,28550,29243,29831,30719,31560,32488,33310,34268,34854,35469,36015,37483,37826,38931,39836,40517,41137,42141,42827,43753,44335,45519,46086,46875,47537,48473,49302,49688,51003,51551,52473,53425,54172,54882,55707,56399,57370,58282,59274,59853,60375,61031,62190,62893,63515,64103,64604,65547,66167,66922,67690,68366,69472,70120,70952,71641,72495,73203,74105,74773,75783,76295,77153,77925,78622,79319,79868,80954,81901,82679,83336,84019,84728,85543,86655,87254,88038,88971,89813,90559,91419,92238,92739,93397,94367,95162,95931,96593,97211,98028,98755,99510
575,1401,2139,3037,4065,4692,5338,6334,7115,7925,8743,9435,10062,10839,11438,12154,13235,14184,15042,15625,16545,17124,17767,18427,19170,19946,20875,21910,22592,23349,23943,24645,25633,26282,26859,27751,28610,29347,29872,31003,31615,32511,33321,34275,34961,35541,36169,37623,38357,39108,39848,40589,41180,42230,42886,43860,44360,45591,46131,47029,47696,48488,49303,49812,51061,51897,52541,53549,54208,54952,55762,56549,57473,58343,59316,59862,60378,61315,62249,62900,63586,64365,64663,65571,66231,66972,67770,68377,69493,70290,71106,71735,72561,73246,74106,75001,75829,76356,77154,78001,78668,79380,79933,80996,81911,82720,83364,84037,84832,85622,86665,87309,88091,89022,89871,90562,91489,92365,92794,93408,94398,95194,95950,96642,97262,98046,98756,99514
589,1412,2170,3064,4066,4710,5404,6352,7184,7928,8870,9516,10125,10922,11452,12154,13235,14295,15062,15690,16563,17155,17780,18447,19212,19992,21089,21929,22650,23377,23988,24770,25723,26309,26880,27878,28739,29438,29919,31036,31621,32516,33488,34283,35113,35548,36250,37639,38490,39110,39875,40614,41200,42272,42989,44074,44413,45640,46258,47182,47739,48500,49379,49917,51145,51954,52668,53587,54260,54972,55852,56617,57532,58483,59327,60087,60521,61344,62256,62913,63588,64600,64732,65930,66236,67021,67875,68429,69599,70329,71123,71799,72566,73256,74132,75016,75875,76381,77173,78094,78678,79414,80026,81025,81971,82727,83404,84041,84862,85728,86686,87327,88091,89159,89961,90630,91490,92399,92830,93482,94399,95326,95956,96648,97262,98084,98781,99527
595,1417,2171,3089,4118,4720,5438,6427,7219,7947,8974,9539,10153,10993,11453,12191,13290,14311,15062,15702,16568,17165,17826,18472,19275,20014,21124,22053,22768,23388,24112,24940,25830,26335,27031,28109,28741,29658,30050,31105,31927,32538,33533,34320,35126,35706,36341,37698,38556,39217,39876,40901,41545,42408,43017,44163,44694,45675,46335,47371,47777,48653,49453,49949,51281,52016,52780,53629,54277,55028,55918,56665,57694,58769,59430,60176,60530,61607,62290,63011,63590,64617,65005,66006,66454,67166,67905,68480,69603,70430,71139,71856,72616,73420,74215,75255,75957,76436,77177,78096,78693,79475,80214,81075,82069,82764,83411,84062,84864,85927,86733,87343,88091,89231,89970,90650,91559,92403,92859,93727,94457,95368,96118,96681,97289,98139,98829,99533
620,1429,2249,3151,4125,4818,5495,6433,7228,7982,9036,9557,10249,11011,11465,12200,13321,14406,15173,15740,16574,17234,17867,18538,19277,20165,21264,22294,22773,23579,24263,25060,25867,26366,27171,28205,28804,29691,30150,31177,31982,32566,33594,34342,35218,35787,36358,37762,38769,39233,39932,41039,41552,42455,43113,44194,44728,45743,46608,47448,48091,48670,49467,50024,51281,52044,52809,53781,54283,55119,55922,56718,57703,58810,59604,60180,60550,61658,62447,63080,63823,64718,65151,66044,66575,67170,68037,68598,69755,70442,71176,71906,72674,73443,74302,75257,75970,76451,77224,78237,78716,79495,80250,81122,82139,82901,83451,84078,84906,85929,86782,87457,88108,89251,90056,90670,91561,92413,92866,93750,94483,95393,96142,96794,97323,98145,98832,99542
642,1449,2275,3185,4155,4827,5495,6476,7351,7997,9043,9579,10272,11052,11465,12205,13343,14446,15214,15746,16640,17267,18041,18543,19304,20218,21323,22421,22812,23587,24416,25252,25868,26649,27278,28233,28885,29732,30177,31177,32119,32584,33614,34460,35349,35958,36768,37968,38800,39269,40539,41130,41675,42507,43186,44330,44915,45787,46773,47470,48150,48755,49530,50175,51314,52045,53017,53799,54355,55203,55927,56815,57813,58930,59636,60313,60592,61695,62530,63246,63862,64739,65164,66089,66581,67245,68090,68705,69762,70552,71280,71948,72698,73454,74465,75277,75986,76468,77275,78258,78767,79541,80256,81182,82151,82910,83669,84105,84917,86006,86824,87465,88240,89292,90091,90713,91563,92453,92876,93755,94561,95428,96159,96879,97339,98168,98850,99545
647,1462,2301,3206,4229,4838,5583,6493,7378,8002,9054,9618,10303,11061,11470,12241,13357,14541,15243,15914,16671,17323,18094,18555,19326,20337,21338,22492,22911,23623,24501,25299,25881,26949,27731,28296,28902,29739,30314,31221,32132,32841,33615,34494,35368,36054,37160,37992,38885,39324,40612,41369,41817,42601,43354,44384,44985,45805,46956,47588,48198,48767,49672,50652,51453,52185,53024,53911,54489,55211,55942,57008,57854,58962,59870,60334,60604,61793,62565,63284,63995,64781,65251,66230,66664,67280,68159,68911,69813,70640,71337,71977,72730,73574,74516,75334,76011,76489,77293,78274,78932,79593,80260,81237,82251,82983,83680,84186,84929,86129,86863,87491,88419,89415,90174,90739,91575,92468,92877,93837,94594,95436,96207,96887,97362,98203,98860,99549
654,1481,2320,3231,4303,4883,5645,6515,7391,8019,9071,9646,10329,11097,11506,12283,13373,14543,15271,16079,16801,17402,18107,18590,19602,20378,21425,22510,22991,23628,24563,25514,25983,26985,27739,28310,29030,29756,30441,31257,32171,32932,33675,34498,35402,36112,37232,38064,38979,39629,40709,41396,41880,42748,43433,44400,45215,46225,46960,47603,48206,48802,49747,50687,51505,52188,53116,53913,54490,55373,55968,57046,57919,58976,59980,60433,60880,61804,62592,63362,64138,64785,65322,66345,66705,67546,68341,69022,69827,70654,71374,71980,72907,73741,74531,75429,76011,76613,77425,78279,78946,79648,80386,81276,82266,83001,83690,84408,85219,86161,86927,87510,88425,89433,90308,90766,91599,92508,92952,93860,94713,95442,96252,96899,97376,98235,98903,99555
657,1493,2322,3274,4317,4906,5713,6569,7454,8033,9103,9705,10482,11137,11581,12318,13389,14547,15396,16096,16826,17414,18147,18606,19697,20401,21441,22518,23090,23634,24865,25541,26182,27319,27795,28486,29245,29803,30684,31265,32233,32946,33691,34530,35450,36229,37367,38065,39003,39657,40753,41467,41890,42803,43487,44492,45309,46298,47010,47793,48207,48856,49792,50699,51816,52231,53224,53921,54668,55424,56039,57161,58004,59148,60009,60485,60999,61873,62662,63454,64256,64831,65334,66367,66942,67607,68393,69092,69852,70743,71451,72105,73153,73750,74545,75435,76100,76821,77459,78289,79011,79678,80405,81438,82334,83091,83786,84436,85433,86225,86930,87613,88478,89442,90349,90845,91620,92543,93042,93878,94744,95443,96257,96970,97422,98236,98910,99558
660,1497,2345,3282,4342,4962,5729,6571,7457,8097,9123,9878,10580,11155,11629,12660,13405,14595,15399,16185,16879,17432,18211,18822,19763,20437,21689,22710,23133,23778,24908,25593,26275,27367,27796,28514,29318,29814,30775,31284,32266,32955,33955,34563,35540,36404,37566,38258,39158,39752,40827,41492,42128,43079,43598,44527,45498,46450,47287,47838,48222,48876,49839,50770,51894,52326,53286,53947,54689,55435,56410,57203,58100,59216,60017,60502,61023,61894,62709,63466,64433,64962,65537,66371,66961,67623,68414,69172,69868,70783,71584,72196,73201,73760,74562,75469,76203,76893,77491,78336,79023,79725,80529,81455,82344,83268,83793,84558,85448,86242,86961,87732,88550,89455,90395,90900,91623,92555,93081,93966,94777,95514,96260,96994,97578,98259,98917,99562
675,1501,2370,3290,4350,4973,5740,6579,7591,8201,9144,9948,10749,11157,11679,12698,13460,14779,15469,16188,16890,17501,18252,18944,19804,20568,21719,22867,23262,23838,25047,25716,26495,27512,27855,28520,29434,30057,30776,31304,32373,32960,33976,34620,35715,36490,37568,38285,39239,39786,40942,41665,42350,43170,43642,45157,45555,46514,47393,47855,48291,48969,49844,50811,51999,52599,53352,54003,54750,55481,56548,57274,58124,59237,60056,60562,61199,61901,62744,63668,64494,65082,65555,66446,66993,67690,68606,69174,70227,70811,71694,72466,73239,73935,74744,75494,76209,76979,77607,78373,79041,79761,80649,81731,82522,83297,83853,84672,85457,86305,86974,87848,88655,89570,90401,90951,91678,92565,93117,93982,94867,95521,96270,97011,97583,98262,98941,99573
681,1545,2380,3301,4356,4998,5767,6622,7641,8259,9206,9954,10761,11176,11681,12880,13502,14782,15590,16195,16896,17581,18312,19189,19813,20719,21723,22969,23317,24015,25057,25732,26614,27565,28065,28625,29536,30117,30825,31571,32375,33036,34173,34803,35833,36561,37676,38370,39300,39885,41104,41711,42369,43181,44187,45295,45816,46636,47405,47869,48326,48979,49851,50887,52033,52621,53368,54016,54755,55489,56635,57354,58196,59263,60065,60668,61442,61930,62854,63686,64586,65142,65595,66525,67111,67781,68644,69239,70518,71080,71713,72597,73243,74042,74990,75517,76220,77001,77642,78510,79190,79791,80762,81768,82579,83318,83923,84691,85510,86329,87007,87886,88693,89636,90404,90960,91701,92581,93230,94002,94882,95658,96281,97011,97587,98287,98954,99608
706,1551,2383,3349,4358,5000,5777,6636,7673,8277,9241,10007,10765,11222,11700,13010,13524,14798,15596,16214,16955,17684,18411,19318,20109,20889,21919,22980,23326,24067,25116,25751,26621,27574,28202,28676,29696,30150,30892,31720,32435,33178,34238,35056,35854,36604,37795,38390,39514,39915,41133,41759,42633,43366,44229,45493,45831,46747,47406,47959,48375,49012,49962,51028,52099,52625,53432,54050,55003,55513,56835,57366,58199,59269,60164,60748,61525,61980,62979,63702,64641,65154,65703,66645,67114,67987,68677,69314,70530,71283,71913,72649,73361,74048,75070,75674,76233,77051,77714,78666,79230,79794,80781,81799,82662,83386,83925,84707,85561,86470,87121,87940,88769,89672,90447,90993,91716,92613,93311,94177,94996,95797,96293,97015,97631,98325,98964,99617
746,1568,2394,3357,4384,5013,5838,6687,7678,8316,9385,10041,10807,11234,12031,13028,13625,14873,15657,16257,16982,17832,18445,19443,20135,20965,21994,23065,23356,24085,25435,25812,26668,27625,28254,28720,29737,30163,30915,31752,32472,33426,34593,35078,35899,37102,37887,38508,39515,40151,41431,41831,42797,43559,44269,45544,46120,46827,47410,48039,48406,49097,50204,51068,52172,52709,53526,54117,55082,55532,56869,57687,58369,59272,60266,60762,61533,62091,62979,63763,64696,65180,65874,66658,67419,68240,68979,69562,70567,71345,72080,72828,73489,74081,75089,75688,76241,77072,77800,78733,79343,80023,80857,81818,82703,83431,84113,84791,85627,86545,87131,87963,88786,89720,90463,91028,91890,92780,93579,94384,94999,95829,96316,97085,97674,98330,98978,99643
770,1585,2407,3364,4391,5044,5901,6702,7690,8359,9391,10054,10967,11269,12075,13053,13684,15013,15740,16283,17016,17892,18494,19566,20192,21115,22079,23157,23574,24388,25467,25813,26693,27637,28295,28828,29901,30418,31166,31915,32590,33499,34817,35106,35948,37170,37921,38723,39627,40287,41490,41984,42814,43721,44336,45675,46175,46929,47417,48050,48626,49153,50269,51108,52190,52722,53565,54159,55161,55811,56900,57766,58485,59439,60284,60801,61800,62107,63264,63779,64733,65229,65945,66727,67471,68270,69086,69600,70586,71355,72081,72845,73671,74111,75107,75755,76289,77080,77830,78763,79378,80109,80860,81831,82717,83615,84192,84799,85709,86587,87132,87985,88815,89725,90481,91119,91924,92862,93682,94432,95031,95920,96326,97108,97676,98344,98981,99651
787,1587,2436,3397,4424,5065,5920,6815,7740,8394,9428,10092,11001,11344,12089,13114,13899,15123,15829,16354,17178,17970,18527,19775,20335,21275,22207,23204,23615,24415,25499,25981,26882,27658,28542,28846,29988,30591,31289,31989,32785,33648,34836,35229,36013,37276,38020,38756,39636,40423,41636,42209,42958,43944,44388,45705,46214,46930,47540,48123,48798,49178,50452,51187,52338,52888,53610,54231,55185,55920,56925,57808,58537,59527,60328,60958,61821,62168,63305,63890,64754,65271,66093,66767,67595,68309,69167,69616,70633,71640,72086,72992,73686,74409,75150,75767,76426,77227,77895,78798,79418,80172,80934,81886,82720,83627,84230,84927,85865,86597,87157,88142,88944,89743,90556,91241,92035,92868,93683,94486,95035,95925,96425,97110,97687,98357,98987,99652
835,1613,2452,3432,4450,5095,5985,6899,7756,8405,9472,10160,11003,11576,12115,13172,13965,15126,15910,16457,17182,18064,18770,19796,20445,21301,22289,23236,23663,24441,25544,26018,27258,27731,28660,29111,30346,30602,31350,32049,32846,33904,34891,35315,36497,37365,38066,38842,39673,40463,41689,42249,43018,43998,44554,45708,46426,47209,47880,48368,48893,49282,50507,51222,52377,52889,53638,54315,55230,55961,57008,57834,58603,59631,60356,60960,61903,62240,63326,63898,64845,65340,66120,66868,67639,68536,69234,69743,70654,71707,72091,72994,73729,74459,75221,75777,76601,77299,77942,78807,79494,80202,81087,81927,82811,83646,84304,84933,85883,86610,87393,88151,88990,89799,90586,91298,92056,92992,93717,94490,95047,95982,96442,97113,97705,98403,99021,99684
837,1651,2453,3585,4463,5145,5994,6998,7765,8410,9559,10166,11006,11629,12194,13212,14003,15128,15927,16522,17217,18097,18937,19896,20620,21369,22353,23330,23674,24496,25549,26113,27342,27748,28761,29296,30516,30723,31703,32108,32871,34347,34900,35590,36553,37613,38167,38904,39772,40560,41791,42468,43167,44028,44940,45921,46438,47216,47921,48397,48944,49348,50522,51289,52381,52947,53730,54452,55361,56164,57015,57895,58758,59696,60372,61071,61930,62383,63423,64021,64853,65472,66271,66874,67681,68567,69348,69874,70812,71721,72311,72997,73791,74536,75239,75784,76603,77340,78005,78854,79498,80208,81294,81963,82899,83707,84353,84996,85940,86636,87415,88380,89013,89810,90593,91305,92097,93017,93791,94658,95085,96001,96450,97127,97728,98405,99024,99688
842,1671,2461,3609,4473,5159,6002,7010,7812,8553,9573,10175,11021,11636,12445,13258,14206,15189,15966,16614,17334,18194,19034,19968,20742,21424,22425,23340,23826,24515,25614,26224,27355,28030,28921,29689,30686,30993,31786,32237,32874,34561,35302,35653,36667,37718,38182,38933,39950,40679,41895,42594,43305,44095,45144,46017,46579,47296,47999,48451,48991,49588,50591,51423,52468,52968,53748,54459,55439,56228,57027,57925,58804,59727,60461,61151,61964,62475,63448,64047,64910,65488,66384,67017,67722,68585,69411,69949,70978,71797,72376,73155,73846,74687,75288,75789,76699,77426,78069,78965,79504,80270,81523,82064,82948,83721,84421,85161,86069,86723,87526,88394,89090,89810,90633,91315,92104,93086,93814,94714,95161,96013,96557,97175,97735,98414,99037,99691
850,1702,2469,3651,4475,5210,6097,7028,7896,8581,9618,10387,11052,11662,12484,13359,14212,15237,16025,16619,17506,18310,19258,20042,20973,21619,22458,23406,23970,24552,25667,26572,27562,28175,29447,29908,30714,31581,31938,32365,32944,34630,35334,35656,36862,37807,38198,39230,40082,40948,41929,42638,43571,44121,45375,46046,46850,47330,48049,48517,49058,49600,50717,51713,52518,52981,53828,54485,55514,56357,57221,58014,58874,59736,60497,61153,62002,62537,63467,64060,64938,65531,66408,67061,67932,68804,69633,70113,71039,71841,72493,73188,73967,74864,75357,75860,76708,77431,78073,79042,79608,80272,81616,82096,82971,83776,84470,85174,86097,86849,87533,88397,89108,89839,90669,91333,92147,93095,93837,94737,95272,96042,96562,97281,97750,98465,99038,99696
879,1702,2473,3659,4495,5223,6097,7078,7904,8628,9624,10388,11071,11754,12556,13462,14449,15330,16072,16720,17556,18535,19466,20105,21111,21640,22708,23423,24045,24711,25671,26723,27591,28272,29460,29935,30963,31726,32032,32531,32959,34745,35348,35674,36916,37833,38202,39341,40298,41303,42132,42969,43712,44135,45475,46295,46988,47386,48103,48641,49117,49773,50940,51791,52547,52998,53944,54581,55699,56507,57267,58016,58939,59825,60625,61271,62020,62716,63574,64146,64949,65825,66460,67116,68022,68813,69680,70206,71078,71842,72506,73303,74046,74865,75379,75866,76741,77711,78214,79235,79793,80429,81733,82109,83032,83780,84539,85257,86284,86981,87540,88408,89110,89953,90823,91354,92228,93205,93867,94836,95365,96046,96625,97301,97840,98491,99055,99701
887,1709,2484,3668,4515,5457,6114,7114,7982,8714,9675,10392,11106,11821,12717,13785,14557,15513,16163,16833,17893,18604,19467,20269,21193,21928,22737,23446,24058,24755,25677,26831,27602,28483,29804,30110,31026,31886,32318,32605,32968,34749,35408,36155,37071,37952,38217,39377,40359,41561,42187,43025,43800,44176,45571,46328,46990,47698,48171,48772,49307,49976,51106,51808,52577,53084,53965,54683,55757,56633,57439,58272,58962,59830,60654,61459,62259,62771,63640,64207,65007,65924,66598,67150,68022,68816,69683,70270,71089,71891,72641,73335,74047,74877,75465,75941,76831,77798,78290,79377,80021,80563,81740,82303,83155,83839,84540,85262,86292,87010,87552,88436,89113,89996,90878,91382,92240,93274,93896,94842,95367,96052,96650,97368,97842,98496,99067,99702
889,1774,2530,3673,4576,5479,6161,7179,8051,8773,9726,10471,11138,11833,12938,13892,14754,15526,16167,16945,17908,18861,19645,20291,21563,21936,22738,23475,24145,24803,25692,26926,27630,28912,29823,30280,31197,32107,32556,32871,33362,34815,35528,36493,37128,38025,38307,39487,40402,41647,42268,43197,43856,44386,45605,46481,46995,47703,48174,49012,49480,50249,51237,51850,52788,53105,54289,55006,55775,56636,57441,58297,59055,59836,60659,61542,62392,62830,63651,64315,65016,66062,66752,67227,68291,68826,69853,70407,71104,72010,72642,73367,74092,74968,75466,75991,76831,77839,78598,79432,80064,80572,81740,82335,83275,83959,84543,85278,86337,87013,87563,88479,89140,90016,90910,91427,92300,93318,93961,94860,95378,96112,96680,97398,97880,98517,99071,99722
890,1779,2564,3696,4619,5568,6211,7246,8110,8836,9750,10601,11155,11859,13095,13953,14815,15593,16169,16973,17940,18909,19727,20397,21566,22078,22834,23544,24181,25006,25737,26930,27749,29118,29964,30308,31290,32405,32982,33125,33745,35012,35697,36663,37222,38031,38876,39488,40491,41729,42285,43264,44073,44478,45671,46586,47182,47909,48401,49017,49550,50354,51406,52155,52807,53271,54299,55036,55793,56813,57480,58444,59216,59943,60812,61619,62500,62834,63703,64346,65139,66062,66763,67443,68300,69102,70042,70410,71137,72073,72809,73399,74114,75001,75495,76039,76935,77925,78678,79442,80153,80857,81921,82428,83370,84140,84568,85400,86487,87034,87613,88486,89225,90100,90932,91467,92397,93480,93993,94988,95418,96122,96732,97440,97948,98518,99080,99741
944,1811,2662,3706,4640,5607,6222,7356,8124,8931,9753,10666,11182,12005,13165,14054,14888,15666,16381,17459,18259,19087,19735,20493,21599,22248,22842,23619,24278,25006,26164,26947,27872,29146,30046,30308,31599,32409,32994,33209,33852,35017,35791,36691,37556,38126,39296,39521,40989,41851,42319,43336,44112,44497,46129,46727,47183,47957,48498,49086,49565,50566,51536,52222,52863,53875,54337,55038,55849,56832,57482,58472,59312,59980,60922,61676,62519,63098,63768,64351,65296,66117,66869,67516,68303,69105,70114,70471,71239,72092,72820,73405,74181,75008,75515,76097,77053,78162,78691,79456,80198,80888,81940,82573,83373,84149,84628,85423,86492,87049,87630,88502,89347,90158,90964,91501,92417,93554,94151,95052,95469,96172,96827,97471,97950,98526,99082,99752
988,1821,2665,3722,4644,5646,6272,7366,8133,8988,9819,10790,11194,12027,13456,14080,14913,15677,16444,17490,18441,19131,19801,20529,21714,22317,22911,23637,24305,25030,26190,27051,28092,29224,30068,30419,31638,32461,33022,33447,33969,35025,35995,36930,37625,38571,39328,39674,41147,41958,42376,43562,44250,44793,46149,46961,47193,48125,48534,49223,49569,50740,51542,52295,52958,53961,54356,55151,55860,56879,57597,58556,59363,59981,61079,61778,62578,63143,63780,64403,65357,66158,66931,67537,68332,69116,70242,70688,71303,72238,72850,73451,74221,75043,75666,76452,77108,78169,78752,79677,80233,80950,81971,82584,83633,84209,85011,85627,86498,87086,87706,88539,89384,90394,91043,91585,92457,93604,94159,95110,95500,96179,96844,97497,97993,98532,99123,99753
991,1849,2670,3732,4647,5660,6318,7381,8231,8996,9927,10848,11252,12050,13459,14104,15033,15685,16485,17597,18493,19197,19806,20715,21903,22449,23029,23649,24314,25334,26198,27084,28140,29514,30117,30670,31666,32566,33104,33949,34006,35052,36045,36988,37830,38909,39331,39813,41282,42085,42845,43711,44427,45739,46409,46985,47275,48326,48551,49242,50098,50796,51811,52327,53174,54139,54411,55167,55867,56930,57700,58605,59378,60085,61204,61794,62637,63220,63843,64425,65531,66211,66958,67580,68336,69136,70275,70791,71350,72242,72850,73488,74241,75053,75670,76612,77158,78321,78754,79680,80314,80956,82037,82780,83724,84334,85110,85636,86537,87119,87797,88561,89386,90425,91139,91666,92543,93623,94232,95147,95527,96194,96866,97556,98004,98607,99172,99758
1018,1892,2673,3773,4673,5668,6321,7416,8267,9029,9985,10898,11532,12116,13706,14309,15060,15859,16552,17830,18666,19234,19887,21078,21932,22471,23077,23898,24530,25340,26446,27120,28148,29528,30131,31100,31731,32617,33121,33953,34458,35291,36072,37167,38048,38930,39383,40052,41526,42123,42899,43809,44454,45854,46533,46998,47356,48341,48751,49289,50150,50840,51850,52336,53301,54217,54449,55224,55970,56996,57711,58757,59459,60145,61225,61809,62647,63363,64050,64447,65705,66531,67185,67761,68440,69301,70285,70812,71485,72302,72914,73489,74464,75064,75697,76714,77402,78462,78808,79681,80464,81085,82100,82795,83801,84339,85132,85791,86547,87150,88112,88794,89468,90491,91196,91695,92703,93647,94454,95197,95615,96246,97043,97560,98017,98613,99215,99766
1019,1898,2725,3808,4683,5689,6364,7417,8334,9079,10018,10913,11663,12587,13794,14396,15319,15930,16643,18010,18678,19323,20048,21130,22046,22569,23406,23996,24696,25521,26527,27300,28848,29611,30194,31239,31837,32699,33273,34092,34544,35607,36089,37184,38059,39041,39413,40436,41619,42125,43015,43939,44769,46006,46656,47148,47789,48450,48958,50102,50429,50903,52065,52547,53400,54226,54515,55357,56032,57016,57791,58820,59554,60342,61255,62027,62674,63429,64084,64540,65722,66534,67353,67930,68685,69340,70315,70834,71533,72324,72949,73551,74482,75087,75716,76727,77503,78521,78814,79681,80513,81233,82221,82879,83896,84383,85311,85827,86608,87156,88133,88872,89618,90515,91206,91713,92709,93650,94455,95344,95711,96274,97067,97560,98031,98630,99216,99776
1043,1945,2737,3886,4771,5702,6436,7426,8396,9195,10022,10925,11724,12717,13952,14396,15393,16113,16748,18022,18704,19366,20302,21245,22161,22586,23469,24033,24698,25568,26558,27487,29012,29747,30380,31267,31893,32720,33392,34133,34727,35733,36099,37192,38173,39056,39441,40498,41875,42221,43038,43985,44783,46048,46681,47222,47836,48872,49205,50181,50443,51200,52069,52582,53626,54287,54623,55363,56055,57046,57818,58872,59686,60595,61309,62042,62690,63518,64088,64674,65831,66710,67452,68049,68708,69452,70317,71014,71546,72406,72994,73616,74632,75154,75889,76773,77515,78531,78901,79768,80629,81238,82223,82891,83961,84494,85352,85995,86610,87199,88138,88932,89623,90516,91266,91732,92810,93697,94638,95354,95728,96291,97069,97565,98043,98655,99233,99788
1050,1979,2743,3895,4847,5818,6491,7442,8479,9210,10149,10971,11761,12769,13998,14602,15630,16342,16878,18077,18768,19402,20365,21527,22185,23112,23490,24232,24769,25697,26661,27830,29133,29773,30577,31616,32029,32826,33442,34462,34878,35733,36145,37272,38319,39068,39602,40574,41919,42570,43222,44128,44866,46098,46737,47260,48043,48957,49206,50210,50454,51273,52214,52684,53641,54290,54644,55463,56241,57258,57970,58887,59857,60787,61437,62136,62889,63545,64102,64993,65843,66721,67512,68195,68742,69491,70400,71086,71570,72551,73293,73761,74701,75208,76012,76924,77906,78542,78924,79788,80696,81348,82257,82988,83979,84584,85381,85998,86658,87219,88140,88988,89807,90553,91330,91778,92907,93713,94670,95375,95852,96371,97071,97588,98080,98657,99244,99791
1065,2018,2753,3938,4934,5828,6493,7465,8485,9362,10260,11002,11966,13134,14044,14812,15638,16381,17391,18123,18824,19578,20710,21565,22408,23259,23557,24578,25066,25730,26826,28054,29309,29854,30896,31631,32126,32832,33858,34498,34944,35740,36187,37438,38346,39237,39887,40990,41920,42656,43686,44285,45500,46250,46797,47354,48326,48980,49524,50212,50601,51681,52331,52699,53660,54307,54668,55495,56459,57268,58093,58912,59902,60804,61515,62268,62914,63663,64425,65052,65851,66812,67522,68251,68807,69535,70486,71156,71664,72593,73393,73834,74708,75369,76051,77011,78235,78566,78965,79807,80776,81432,82521,83044,84015,84586,85415,86040,86840,87262,88283,89026,89950,90559,91420,91863,92937,93771,94806,95396,95890,96395,97121,97597,98104,98672,99278,99792
1080,2070,2801,3964,4977,5978,6498,7485,8524,9462,10288,11372,11990,13249,14085,14870,16061,16567,17535,18255,18901,19625,20842,21654,22624,23318,23698,24655,25251,25853,27003,28309,29314,29978,31053,31697,32206,32866,33939,34526,35242,35822,36540,37588,38451,39241,40012,41509,42127,42824,43772,44748,45621,46255,46808,47465,48405,49465,49768,50417,50813,51711,52541,52761,53745,54343,54934,55590,56695,57418,58136,58916,59926,61041,61534,62314,63006,63727,64523,65179,65874,66889,67530,68258,69095,69928,70660,71261,71691,72699,73447,74025,74812,75394,76144,77043,78279,78569,79065,80180,80817,81445,82557,83114,84152,84751,85436,86314,86881,87376,88295,89193,89963,90602,91455,91871,92964,93944,94862,95397,95893,96401,97122,97617,98141,98684,99323,99803
1113,2109,2890,3996,4977,6073,6695,7517,8589,9700,10355,11461,12312,13278,14118,14920,16175,16601,17679,18426,18914,19650,21037,21857,22691,23325,23708,24812,25348,26011,27067,28327,29370,30028,31064,31903,32302,32949,33949,34687,35256,35903,36673,37669,38564,39339,40557,41564,42199,42857,43889,45026,45653,46360,46894,47541,48412,49466,49810,50481,50883,51778,52656,53019,53755,54545,54995,55654,56747,57508,58246,59096,59929,61059,61682,62349,63055,63764,64587,65316,65901,66901,67805,68290,69253,70024,70674,71289,71945,72736,73487,74077,74985,75433,76202,77326,78279,78625,79075,80241,80908,81490,82635,83205,84252,84829,85439,86392,86884,87377,88372,89232,90035,90774,91659,92263,93027,93993,94864,95412,95936,96432,97143,97630,98190,98733,99333,99804
1135,2149,2902,4023,5049,6109,6710,7569,8629,9758,10409,11542,12336,13477,14130,14947,16397,16738,17712,18557,18975,19720,21131,21953,22854,23331,24264,24835,25375,26109,27198,28676,29657,30117,31251,31939,32346,33033,34011,34873,35260,36207,36887,37952,38873,39432,40694,41584,42253,42895,43937,45272,45781,46493,46928,48013,48470,49535,49853,50703,51121,51836,52780,53213,53813,54567,55181,55753,56748,57592,58332,59144,60415,61064,61844,62408,63179,63768,64673,65403,66021,67179,68030,68489,69254,70110,70884,71397,72161,72839,73627,74154,75005,75524,76406,77385,78423,78668,79165,80295,80964,81541,82731,83233,84358,84874,85528,86405,86949,87603,88486,89361,90085,90811,91697,92362,93061,94087,94914,95431,95977,96447,97303,97766,98220,98747,99352,99807
1166,2164,2934,4131,5167,6133,6796,7592,8709,9770,10477,11608,12471,13618,14131,15238,16404,17172,17789,18712,19106,20039,21159,22027,22882,23366,24399,24898,25428,26153,27334,28807,29732,30188,31259,32019,32507,33102,34017,34888,35271,36311,37110,38200,38971,39701,40861,41651,42344,43049,44009,45382,45808,46525,47024,48228,48840,49566,49925,50740,51132,51995,52801,53346,53934,54621,55303,55816,56819,57595,58384,59248,60499,61265,61937,62409,63244,63864,64827,65438,66275,67267,68194,68625,69293,70169,70931,71445,72165,72912,73726,74231,75055,75571,76508,77587,78454,78681,79278,80302,80982,81596,82762,83289,84384,84983,85626,86429,86983,87766,88646,89409,90164,91160,91876,92430,93280,94093,94949,95451,96064,96481,97354,97783,98258,98752,99387,99808
1168,2174,2971,4158,5272,6191,6905,7597,8714,9901,10618,11713,12492,13696,14243,15423,16473,17218,17791,18739,19168,20182,21502,22047,22936,23459,24473,25012,25498,26228,27577,28931,29895,30191,31390,32021,32765,33406,34253,35205,35334,36400,37113,38220,39029,39885,41110,41935,42351,43067,44102,45460,45828,46556,47310,48254,48850,49830,50199,50772,51158,52047,52918,53378,53979,54678,55308,55841,56842,57602,58488,59265,60685,61313,61965,62446,63311,63876,64872,65525,66296,67285,68244,68977,69380,70178,71005,71479,72201,72918,73738,74292,75088,75886,76644,77751,78492,78795,79307,80464,81029,81604,82822,83372,84406,85027,85717,86585,87080,87785,88721,89560,90182,91168,91957,92449,93365,94230,95010,95478,96101,96506,97357,97839,98277,98770,99405,99815
1178,2204,3025,4175,5275,6201,6933,7651,8764,9929,10653,11813,12617,13714,14341,15548,16508,17279,17819,18897,19170,20460,21700,22389,22939,23642,24600,25261,25532,26338,27649,29175,29913,30249,31465,32188,32771,33528,34286,35284,35620,36407,37533,38284,39038,39985,41128,42041,42353,43118,44521,45461,45834,46659,47330,48262,49433,50075,50379,50850,51324,52415,53053,53447,54103,54712,55627,55877,56886,57624,58508,59756,60811,61377,62036,62511,63350,63943,64931,65645,66346,67381,68252,68989,69666,70501,71250,71546,72210,72963,73975,74365,75119,76399,76780,77771,78603,78819,79394,80466,81071,81834,82851,83404,84415,85074,85823,86643,87244,87822,88850,89589,90408,91279,91986,92467,93484,94293,95071,95516,96129,96541,97358,97899,98279,98793,99418,99836
1179,2213,3056,4219,5354,6223,6975,7678,8807,9957,10765,11872,12695,13771,14408,15641,16692,17385,18171,18942,19476,20480,21742,22505,23159,23713,24639,25315,25621,26467,27694,29262,30184,30432,31898,32297,32848,33580,34315,35665,36106,36468,37740,38356,39082,40463,41235,42057,42571,43271,44532,45480,45975,46808,47393,48313,49463,50165,50469,50978,51382,52494,53092,53457,54107,55094,55666,56004,56918,57976,58511,60065,60909,61548,62106,62815,63352,64038,65040,65707,66646,67397,68314,69120,69707,70582,71283,71659,72226,73059,74110,74426,75260,76581,77082,77811,78619,78939,79408,80792,81138,82018,82851,83560,84477,85103,86048,86695,87287,87866,88885,89626,90519,91459,92002,92538,93519,94383,95179,95528,96191,96556,97385,97900,98292,98826,99419,99844
1189,2262,3145,4313,5385,6353,7005,7797,8861,9994,10788,11904,12960,13817,14482,15806,16693,17400,18324,19080,19721,20578,21885,22632,23326,23765,24677,25370,25721,26759,27696,29452,30210,30484,31933,32310,32909,33609,34685,35719,36590,36644,37890,38658,39419,40501,41316,42066,42655,43413,44615,45603,46171,46856,47505,48613,49734,50221,50520,51012,51562,52582,53167,53560,54118,55108,55952,56087,56981,58036,58521,60338,60915,61620,62146,62869,63427,64125,65197,65720,67049,67495,68476,69231,69828,70712,71427,71680,72302,73123,74339,74503,75272,76768,77201,77871,78656,79254,79482,80793,81144,82189,83043,83575,84512,85105,86096,86752,87313,87915,88925,89746,90601,91475,92008,92816,93578,94394,95321,95571,96202,96618,97434,97909,98309,98838,99425,99847
1202,2290,3147,4320,5431,6403,7025,7859,8892,10193,11036,11973,13033,13840,14664,15967,16918,17498,18386,19351,20079,20723,21970,22859,23367,23771,25201,25613,26098,26852,27770,29473,30267,30591,31936,32372,33013,33811,35117,36135,36646,36891,37936,38934,39547,41002,41776,42288,43068,43528,44839,45662,46182,46897,47814,49194,49773,50378,50633,51197,51619,52613,53171,53738,54169,55109,55958,56623,57099,58085,58679,60360,60953,61640,62251,62897,63493,64329,65203,65995,67060,67747,68675,69247,69909,70804,71474,71730,72324,73321,74364,74589,75293,76773,77299,77907,78658,79333,79756,80887,81369,82200,83073,83695,84646,85155,86211,86801,87505,88016,89166,89843,90620,91506,92282,92829,93708,94567,95337,95608,96269,96710,97474,97935,98322,98848,99464,99847
1215,2343,3397,4371,5536,6461,7084,8000,8910,10216,11058,12050,13097,14004,14685,16021,16939,17524,18532,19412,20178,20865,22010,22926,23410,23926,25332,25783,26136,26943,27846,29496,30280,30817,31961,32466,33144,34187,35121,36277,36986,37236,37996,39037,39785,41446,42040,42530,43178,44095,44990,45731,46357,47088,48002,49195,49833,50395,50712,51307,51997,52728,53220,53840,54256,55826,56123,56796,57215,58141,58845,60508,60990,61833,62277,63041,63509,64344,65225,66178,67375,67791,68819,69256,70066,70885,71640,71750,72386,73488,74488,74629,75529,76799,77343,77956,78704,79648,79957,80916,81408,82209,83177,83836,84761,85246,86280,87320,87646,88222,89301,90020,90635,91701,92358,92885,93748,94657,95384,95650,96304,96719,97482,97968,98512,98869,99473,99854
1215,2349,3436,4444,5546,6614,7209,8032,8921,10264,11254,12106,13131,14030,14965,16052,17022,17643,18733,19672,20379,20895,22122,23023,23459,24185,25342,25833,26426,27483,28335,29668,30354,30919,31963,32607,33228,34236,35562,36500,37015,37610,38227,39178,39871,41476,42254,42595,43536,44428,45068,45899,46450,47431,48218,49355,49930,50594,50772,51594,52294,52872,53259,54086,54259,56028,56592,56859,57400,58407,59192,60694,61138,61977,62745,63041,63613,64466,65273,66185,67398,67857,69018,69718,70554,71117,71660,71780,72451,73871,74533,75077,75678,76815,77425,77975,78767,79812,80446,80925,81459,82415,83378,83990,84799,85312,86292,87324,87815,88267,89310,90084,90931,91748,92447,93144,93958,94684,95389,95910,96311,96796,97513,97979,98568,98885,99473,99856
1288,2497,3451,4515,5646,6625,7283,8125,8997,10694,11432,12421,13340,14144,15432,16169,17161,17765,19317,19870,20423,21115,22210,23287,23496,24211,25407,26002,26702,27916,28370,29696,30354,30980,32102,32753,33840,34335,35916,36553,37117,37665,38415,39228,39892,41477,42309,42922,43553,44514,45419,45951,46886,47514,48276,49597,49961,50784,50983,51609,52322,52910,53519,54960,55019,56209,56778,56933,57400,58636,59259,60762,61172,62063,62851,63189,63767,64525,65303,66379,67444,68230,69077,69810,70597,71199,71731,71787,72554,73999,74574,75160,76066,76950,77699,78162,79135,79827,80493,80998,81516,82482,83648,84100,85162,85452,86452,87362,87885,88541,89605,90109,91051,91760,92476,93186,94033,94776,95390,95931,96331,96814,97536,97996,98702,98922,99502,99870
1306,2619,3527,4658,5729,6627,7285,8189,9031,10736,11633,12439,13388,14180,15474,16304,17168,18349,19428,19998,20739,21498,22339,23299,23678,24380,25499,26533,26790,27936,28824,29730,30356,31051,32163,32754,33841,34617,36429,36703,37329,37675,38951,39432,39904,41569,42375,43163,43954,44803,45552,45962,46924,47565,48292,49602,50103,50811,50994,51950,52433,52980,53953,55026,55364,56223,56796,56975,57412,58764,59345,60795,61308,62112,62868,63311,63971,65064,65549,66469,67459,68585,69159,70094,71015,71226,71746,72104,72706,74209,74609,75317,76258,76964,77752,78420,79220,79994,80515,81034,81781,82608,83850,84120,85168,85513,86575,87482,88201,88555,89635,90228,91223,91784,92571,93280,94171,94867,95450,95943,96335,96847,97544,98043,98738,98973,99504,99871
1334,2627,3536,4734,5978,6671,7322,8342,9072,10769,11708,12455,13543,14265,15628,16437,17198,18725,19572,20154,20741,21608,22404,23307,23916,24544,25597,26627,26979,28131,28830,29777,30410,31062,32170,32823,33940,34619,36465,36968,37630,37738,39137,39659,39912,41628,42499,43227,44059,44921,45712,46038,47077,47762,49460,49613,50300,50838,51054,52023,52714,53127,53977,55250,55730,56309,56928,57307,57865,59110,59494,60978,61674,62318,62933,63707,64107,65172,65679,66548,67644,68621,69232,70162,71164,71265,72098,72174,73609,74395,74715,75622,76518,77195,77756,78592,79288,80022,80687,81235,81892,82724,83850,84199,85169,85626,86617,87501,88459,88850,89639,90410,91282,91867,92592,93328,94198,94952,95512,95961,96357,96860,97621,98138,98743,99104,99513,99877
1349,2649,3662,4779,6089,6833,7378,8343,9168,11174,11709,12486,13546,14333,15858,16443,17257,18728,19595,20401,20766,21747,22851,23619,23979,25099,25960,26681,27589,28148,29123,29777,30426,31213,32220,33362,33991,34673,36485,37008,37657,38572,39247,39723,39968,41805,42562,43510,44318,44994,45720,46150,47326,47990,49466,49718,50423,50980,51179,52208,52726,53202,54449,55303,55767,56333,57063,57575,57954,59515,59540,61062,61959,62339,63148,63714,64371,65387,66210,67074,67710,68649,69294,70310,71324,71412,72143,72374,73770,74400,74817,75631,76518,77311,77758,78618,79352,80031,80817,81372,81912,82766,83948,84570,85275,85747,86665,87776,88538,89115,89743,90458,91347,92053,92708,93330,94271,95057,95644,95972,96378,96942,97790,98223,98834,99131,99554,99892
1399,2802,3749,4807,6100,6836,7452,8522,9228,11180,11729,12582,13770,14500,15894,16632,17720,18873,19723,20685,21035,21814,22887,23648,24090,25175,26310,26725,27688,28201,29479,29954,30694,31503,32359,33680,34602,35055,36572,37118,37717,38680,39487,39835,40079,41866,42562,43603,44359,45042,45865,46461,47365,48008,49494,49883,50443,50995,51389,52442,53045,53421,54485,55373,55879,56426,57167,57657,58049,59722,59883,61249,61973,62610,63237,63882,65018,65756,66229,67094,67719,68824,69585,70490,71403,71459,72144,72447,73793,74594,75302,76074,76524,77552,77826,78646,79732,80360,80912,81704,81991,82789,84045,84621,85298,86057,87003,87868,88576,89490,89937,90618,91485,92331,92778,93381,94344,95075,95649,96005,96477,96948,97824,98226,98843,99148,99565,99905
1533,2806,3839,4925,6131,6875,7467,8546,9287,11262,11898,12622,13829,15025,16010,16777,17747,19168,19763,20774,21292,22181,23027,23841,24783,25258,26374,26793,28113,28412,29720,30052,30821,31951,32493,34581,34664,35079,36799,37371,38410,39039,39531,39940,40452,41997,43400,44116,44837,45390,46106,46964,47498,48234,49535,50000,50529,51026,51416,52504,53139,53496,54766,55431,55961,56597,57181,57709,58521,59945,59997,61278,62089,62880,63571,64268,65365,66045,66313,67221,68044,68890,69622,70602,71537,71556,72155,72467,73840,74630,75592,76089,76755,77747,78068,79278,79883,80364,80969,81761,82584,83112,84121,84939,85545,86226,87193,88053,88585,89524,90201,90649,91523,92380,93028,93502,94345,95181,95654,96018,96486,96955,97966,98231,98849,99160,99587,99909
1584,2859,3986,5064,6190,6981,7472,8564,9399,11269,12037,12720,13900,15042,16430,16956,17927,19294,20269,20970,21717,22289,23033,24562,24984,25299,26547,27412,28338,28652,29876,30530,30938,32895,33352,34714,34726,35122,36800,37423,38538,39142,39547,40607,40752,42567,43452,44275,45134,45452,46884,47312,47776,48281,49739,50108,50582,51086,51688,52575,53376,54264,54843,55445,56138,56639,57644,58137,58718,60160,60438,61510,62314,63307,63912,64693,65402,66089,66485,67337,68326,69091,69949,70709,71552,71868,72902,73267,74163,74677,75741,76514,77317,78481,79076,79466,79885,80396,81293,81889,82644,83170,84395,85033,85573,86311,87207,88270,89147,89591,90229,90817,91546,92394,93192,93659,94615,95362,95657,96194,96582,97123,98036,98275,98914,99184,99595,99914
1607,2864,4061,5106,6204,7365,7497,8652,9584,11271,12086,13028,13911,15427,16517,17652,17968,19321,20529,21052,22113,22336,23907,24808,25038,25609,26637,27549,28437,28878,30028,31069,31603,33241,33559,34840,35065,35532,37099,37466,38660,39373,39808,40656,41285,42892,43631,44282,45235,46134,46953,47396,47961,48525,49774,50249,50945,51381,51903,52729,53549,54557,55154,55553,56153,56653,57724,58183,58919,60203,60956,61588,62444,63646,64637,64743,65595,66290,66775,67337,68679,69096,69966,71110,71712,72005,73077,73349,74295,74823,75958,76557,77903,78526,79107,79470,79945,81144,81301,82092,82749,83326,84402,85108,85931,86539,88021,88302,89276,89698,90291,90857,91645,92716,93197,93691,94682,95392,95660,96221,96586,97189,98142,98461,98937,99236,99609,99917
1630,2909,4159,5222,6423,7408,7617,9297,9792,11563,12092,13219,13966,15470,16963,17708,18809,20011,20761,21290,22147,23002,23991,24950,25076,25803,26728,27595,28564,29025,30898,31811,31843,33601,34334,34886,35790,35975,37103,37527,38684,39424,40137,40947,41754,42918,43741,44293,45248,46140,47005,48413,48542,48764,49977,50993,51227,51638,52038,52751,53901,54615,55394,55682,56239,56821,57843,58306,59501,60306,61044,61770,62983,64495,64692,65277,65746,66601,67144,67626,68907,69114,70167,71380,71724,72075,73142,73377,75391,76310,76340,76888,77963,78940,79270,79795,80446,81153,81789,82575,83010,83730,84644,85286,86238,86773,88035,88401,89417,89871,90566,90991,91682,92896,93326,93983,94761,95414,95773,96298,96652,97285,98228,98526,98972,99295,99618,99920
1652,2911,4186,5268,6490,7423,7989,9425,10333,11588,12146,13596,15011,15902,17291,17824,18858,20154,20903,22148,22700,23772,24250,24958,25157,25887,27383,28088,28947,29191,30995,31876,32509,33715,34415,34986,35878,36146,37108,37960,38846,39848,40214,41212,42481,43271,43749,44561,45465,46358,47231,48508,49133,49395,49996,51180,51289,52266,52521,52913,54225,54757,55453,55697,56305,56927,58009,58628,59834,60638,61290,61934,63144,64620,64825,65360,65749,66601,67218,67644,68995,69208,70719,71403,71933,72659,73190,73506,75877,76478,76643,76910,78181,78976,79775,80119,80475,81167,82123,82696,83151,83764,84703,85493,86569,87100,88125,88466,89574,89899,90772,91141,92209,92962,93362,94017,94860,95415,95815,96363,96760,97291,98294,98550,99080,99296,99651,99930
1667,2957,4207,5363,6577,7466,8204,9683,10351,11609,12621,14428,15262,16171,17431,18505,19303,20199,21126,22249,22976,23803,24465,24995,25568,25900,27468,28199,29111,29469,31211,31953,32536,34119,34480,35042,36179,36289,37338,38419,38952,40088,40341,41661,42801,43346,43934,44563,45534,46384,48127,48535,49283,49720,50406,51405,52007,52335,53539,53930,54390,55432,55629,55914,57251,57706,58043,59170,60067,60833,61321,62008,63311,64627,65130,65419,65758,66656,67220,67725,69006,69626,70793,71425,71948,72659,73220,73563,75879,76534,77159,77266,78456,79167,79806,80537,81041,81269,82407,82997,83460,84195,84868,85500,86745,87566,88159,88636,89844,90199,90855,91215,92398,93127,93499,94086,95145,95441,95896,96469,97083,97405,98405,98601,99166,99310,99671,99932
1718,3019,4322,5418,6674,7561,8224,9951,10580,11829,12703,14548,15486,16336,17758,19239,19543,20574,21333,22374,23483,24069,24511,25059,25834,26029,27935,28324,29570,31088,31498,32200,32779,34349,34625,35195,36243,36508,38209,38481,39167,40219,41658,41979,42821,43395,44211,44817,45655,46712,48219,48801,49373,49899,50930,51697,52326,53118,53718,54194,54589,55483,56024,56501,57408,57732,58517,59364,60125,61255,61452,62414,63446,64670,65172,65500,65786,66850,67227,67873,69569,70255,70830,71470,72001,73029,73526,75688,76607,77086,77220,78274,78811,79192,80144,80818,81133,81578,82506,83300,83628,84311,85017,85854,86825,87600,88339,89089,89944,90399,91479,92178,92686,93186,93557,94180,95248,95482,95898,96502,97198,97486,98474,98741,99226,99311,99739,99949
1817,3102,4381,5759,6687,7950,8457,10201,10628,11847,12781,14637,16060,16630,17785,19448,20129,20877,21518,22426,23726,24379,24601,25219,26908,27286,28095,29170,30420,31279,31722,32552,33426,34800,35168,35265,36601,37069,38415,38523,39430,40469,41820,42198,42907,43456,44430,44956,46145,47212,48414,49121,49937,50202,51166,51844,52787,53210,54379,54763,55603,55958,56218,57039,57475,58624,58659,59605,60737,61270,61762,62880,63689,64709,65214,65680,65893,66959,67266,68489,69811,70695,71108,71729,72041,73172,74082,75921,76717,77203,77637,78578,78846,79398,80597,80838,81220,82174,82756,83310,84079,84319,85048,86135,87046,87706,88348,89196,90063,91038,91620,92267,92716,93211,93588,94340,95365,95514,95997,96717,97247,97539,98579,99014,99268,99327,99771,99958
2128,3150,4425,6046,6998,8047,8664,10212,10948,11961,14446,14765,16299,17459,18583,20029,20711,21282,21581,22484,23756,24539,24851,25573,27113,27424,28436,29495,30642,31426,32305,32857,34162,34932,35204,35947,36739,37449,38581,38677,39617,40816,41946,42849,43529,43714,45129,45642,46610,47824,48756,49156,50044,50251,51475,51938,52857,53347,54628,55128,55674,56297,56342,57265,57788,58843,59264,59636,61264,61538,62547,63398,63767,64976,65294,65964,66586,67031,67374,69392,69917,70825,71253,71797,72786,73632,75284,75961,77214,77347,78135,78786,78875,79418,80604,81027,81328,82195,82938,83364,84082,84748,85625,86453,87279,87724,88559,89252,90670,91382,91705,92465,93057,93218,93655,94464,95601,95752,96192,96911,97250,97945,98668,99067,99295,99335,99776,99965
2152,3471,4432,6575,7132,8177,9482,10573,11107,12455,14615,14954,16394,17804,18754,20439,20780,21581,21604,23413,24252,24740,25656,26077,27222,27760,29398,29741,30795,31726,32851,33320,34434,35077,35544,36150,37315,38098,39144,39418,40591,41423,42196,43396,43870,44300,45132,47311,47689,48014,49014,49484,50243,51072,51789,52064,53113,53442,54950,55384,55863,56332,56358,57608,57919,59283,59476,60932,61456,62091,62829,63430,64047,65067,65424,66262,66620,67575,68152,69423,69993,70860,71628,71817,73627,74211,75365,76118,77544,77814,78274,78854,79598,79989,80687,81126,81462,82290,83076,84157,84234,85344,85685,86610,87290,87966,88635,89520,91029,91394,91819,92893,93098,93820,93971,94940,95722,95902,96749,97196,97799,98363,98807,99090,99297,99347,99785,99979
2254,3915,4661,6899,7186,8990,9550,10816,11489,12655,15420,15746,16424,18383,19527,21132,21152,21687,22735,23717,24486,24772,26497,26757,28403,29052,29716,30284,31243,32009,32921,33399,34546,35220,35986,36354,37696,38892,39262,41138,42356,43081,43914,44023,44469,45630,45960,47353,47770,48054,49022,50292,50801,51706,51908,52169,53213,54783,55010,55852,56264,57302,57519,58538,59378,60264,60443,61072,61622,62974,63259,63995,64341,65103,66127,66369,67293,67899,68189,69496,70975,71087,72060,73606,74145,74836,75609,76800,77806,77882,78833,79487,79875,80118,80973,81245,82025,82380,83201,84395,84818,85537,85757,86797,87414,88158,89916,90586,91320,91544,92127,93006,93172,94345,94886,95311,95755,96429,96922,97197,98066,98383,98879,99225,99308,99457,99791,99986
2782,4536,4960,6947,7885,8999,9626,11743,12460,13293,15490,15835,18531,19008,19941,21661,21889,22051,23292,24127,24963,26259,26978,27644,29477,29737,30466,30728,31307,33200,33694,34541,35334,35793,36352,38179,38770,40450,40791,41714,42607,43789,44323,44921,45596,47156,47249,47369,47881,49955,49994,50501,51484,52979,53532,53686,54014,56962,57394,57810,58128,58593,59216,60433,60613,61150,61399,62012,62197,63099,63278,64260,64615,65180,66436,66835,67484,67945,68484,69708,71960,72881,73054,73986,74197,75255,76148,76987,77818,77964,78853,80208,80229,80317,82670,83358,83381,83992,84536,84647,84953,85639,85915,86846,87667,88394,90128,90981,91569,91814,92374,93110,94329,94576,95337,96470,96493,96546,97271,97731,98424,98863,98946,99244,99321,99532,99818,99986
2796,6290,7365,7724,8915,9981,11770,11973,14101,14708,17775,18013,18656,19092,20758,22578,22948,23004,23306,24860,26863,27928,28459,29221,29902,30577,31059,32271,32785,33556,34674,35357,36565,37639,37807,38599,39313,40711,40960,42492,42829,44108,44611,47124,47764,48348,49589,49744,49806,50289,50389,52720,53545,53752,53898,54072,55276,58350,58530,58601,59236,59239,59924,60468,60762,61709,61959,62598,62727,63654,63849,64836,65088,65404,66858,67574,68236,68374,70960,72375,72656,73042,73552,74214,74280,76124,76386,77564,78123,78673,81479,83585,83992,86159,87150,87529,87630,88334,88482,89051,89832,90341,90362,90596,91318,91940,92173,93581,94286,94334,94698,94736,94859,95122,95799,96977,97724,97919,98139,98252,98594,99092,99228,99258,99330,99543,99878,99997
